<annotation>
	<folder>c1bec4ce94462c9cfaa2b5095f334701</folder>
	<filename>juan-encalada-WC7KIHo13Fc-unsplash.jpeg</filename>
	<path>c1bec4ce94462c9cfaa2b5095f334701/juan-encalada-WC7KIHo13Fc-unsplash.jpeg</path>
	<source>
		<database>datature.io</database>
	</source>
	<size>
		<width>640</width>
		<height>958</height>
		<depth>3</depth>
	</size>
	<segmented>0</segmented>
	<object>
		<name>Person</name>
		<pose>Unspecified</pose>
		<truncated>0</truncated>
		<difficult>0</difficult>
		<bndbox>
			<xmin>12.0</xmin>
			<ymin>30.0</ymin>
			<xmax>601.0</xmax>
			<ymax>861.0</ymax>
		</bndbox>
	</object>
</annotation>