<annotation>
	<folder>c1bec4ce94462c9cfaa2b5095f334701</folder>
	<filename>abbas-malek-hosseini-JC1oue4zY5U-unsplash.jpeg</filename>
	<path>c1bec4ce94462c9cfaa2b5095f334701/abbas-malek-hosseini-JC1oue4zY5U-unsplash.jpeg</path>
	<source>
		<database>datature.io</database>
	</source>
	<size>
		<width>640</width>
		<height>1067</height>
		<depth>3</depth>
	</size>
	<segmented>0</segmented>
	<object>
		<name>Person</name>
		<pose>Unspecified</pose>
		<truncated>0</truncated>
		<difficult>0</difficult>
		<bndbox>
			<xmin>0</xmin>
			<ymin>231.0</ymin>
			<xmax>632.0</xmax>
			<ymax>1064.0</ymax>
		</bndbox>
	</object>
</annotation>