<annotation>
	<folder>c1bec4ce94462c9cfaa2b5095f334701</folder>
	<filename>adrien-king-amn3wfTkU_c-unsplash.jpeg</filename>
	<path>c1bec4ce94462c9cfaa2b5095f334701/adrien-king-amn3wfTkU_c-unsplash.jpeg</path>
	<source>
		<database>datature.io</database>
	</source>
	<size>
		<width>640</width>
		<height>959</height>
		<depth>3</depth>
	</size>
	<segmented>0</segmented>
	<object>
		<name>Person</name>
		<pose>Unspecified</pose>
		<truncated>0</truncated>
		<difficult>0</difficult>
		<bndbox>
			<xmin>161.0</xmin>
			<ymin>394.0</ymin>
			<xmax>496.0</xmax>
			<ymax>956.0</ymax>
		</bndbox>
	</object>
</annotation>