<annotation>
	<folder>c1bec4ce94462c9cfaa2b5095f334701</folder>
	<filename>alexandru-zdrobau-BGz8vO3pK8k-unsplash.jpeg</filename>
	<path>c1bec4ce94462c9cfaa2b5095f334701/alexandru-zdrobau-BGz8vO3pK8k-unsplash.jpeg</path>
	<source>
		<database>datature.io</database>
	</source>
	<size>
		<width>640</width>
		<height>963</height>
		<depth>3</depth>
	</size>
	<segmented>0</segmented>
	<object>
		<name>Person</name>
		<pose>Unspecified</pose>
		<truncated>0</truncated>
		<difficult>0</difficult>
		<bndbox>
			<xmin>24.0</xmin>
			<ymin>10.0</ymin>
			<xmax>634.0</xmax>
			<ymax>952.0</ymax>
		</bndbox>
	</object>
</annotation>