<annotation>
	<folder>c1bec4ce94462c9cfaa2b5095f334701</folder>
	<filename>allen-taylor-0cmJRW5rOJ8-unsplash.jpeg</filename>
	<path>c1bec4ce94462c9cfaa2b5095f334701/allen-taylor-0cmJRW5rOJ8-unsplash.jpeg</path>
	<source>
		<database>datature.io</database>
	</source>
	<size>
		<width>640</width>
		<height>960</height>
		<depth>3</depth>
	</size>
	<segmented>0</segmented>
	<object>
		<name>Person</name>
		<pose>Unspecified</pose>
		<truncated>0</truncated>
		<difficult>0</difficult>
		<bndbox>
			<xmin>298.0</xmin>
			<ymin>496.0</ymin>
			<xmax>407.0</xmax>
			<ymax>862.0</ymax>
		</bndbox>
	</object>
	<object>
		<name>Person</name>
		<pose>Unspecified</pose>
		<truncated>0</truncated>
		<difficult>0</difficult>
		<bndbox>
			<xmin>370.0</xmin>
			<ymin>570.0</ymin>
			<xmax>448.0</xmax>
			<ymax>845.0</ymax>
		</bndbox>
	</object>
	<object>
		<name>Person</name>
		<pose>Unspecified</pose>
		<truncated>0</truncated>
		<difficult>0</difficult>
		<bndbox>
			<xmin>111.0</xmin>
			<ymin>570.0</ymin>
			<xmax>208.0</xmax>
			<ymax>896.0</ymax>
		</bndbox>
	</object>
	<object>
		<name>Person</name>
		<pose>Unspecified</pose>
		<truncated>0</truncated>
		<difficult>0</difficult>
		<bndbox>
			<xmin>206.0</xmin>
			<ymin>547.0</ymin>
			<xmax>309.0</xmax>
			<ymax>879.0</ymax>
		</bndbox>
	</object>
</annotation>