<annotation>
	<folder>c1bec4ce94462c9cfaa2b5095f334701</folder>
	<filename>amir-kiani-z6szJgu1smk-unsplash.jpeg</filename>
	<path>c1bec4ce94462c9cfaa2b5095f334701/amir-kiani-z6szJgu1smk-unsplash.jpeg</path>
	<source>
		<database>datature.io</database>
	</source>
	<size>
		<width>640</width>
		<height>960</height>
		<depth>3</depth>
	</size>
	<segmented>0</segmented>
	<object>
		<name>Person</name>
		<pose>Unspecified</pose>
		<truncated>0</truncated>
		<difficult>0</difficult>
		<bndbox>
			<xmin>170.0</xmin>
			<ymin>125.0</ymin>
			<xmax>512.0</xmax>
			<ymax>897.0</ymax>
		</bndbox>
	</object>
</annotation>