<annotation>
	<folder>c1bec4ce94462c9cfaa2b5095f334701</folder>
	<filename>beth-macdonald-mbND4xtrlVY-unsplash.jpeg</filename>
	<path>c1bec4ce94462c9cfaa2b5095f334701/beth-macdonald-mbND4xtrlVY-unsplash.jpeg</path>
	<source>
		<database>datature.io</database>
	</source>
	<size>
		<width>640</width>
		<height>427</height>
		<depth>3</depth>
	</size>
	<segmented>0</segmented>
	<object>
		<name>Person</name>
		<pose>Unspecified</pose>
		<truncated>0</truncated>
		<difficult>0</difficult>
		<bndbox>
			<xmin>162.0</xmin>
			<ymin>157.0</ymin>
			<xmax>209.0</xmax>
			<ymax>225.0</ymax>
		</bndbox>
	</object>
	<object>
		<name>Person</name>
		<pose>Unspecified</pose>
		<truncated>0</truncated>
		<difficult>0</difficult>
		<bndbox>
			<xmin>225.0</xmin>
			<ymin>139.0</ymin>
			<xmax>273.0</xmax>
			<ymax>215.0</ymax>
		</bndbox>
	</object>
	<object>
		<name>Person</name>
		<pose>Unspecified</pose>
		<truncated>0</truncated>
		<difficult>0</difficult>
		<bndbox>
			<xmin>190.0</xmin>
			<ymin>193.0</ymin>
			<xmax>257.0</xmax>
			<ymax>276.0</ymax>
		</bndbox>
	</object>
	<object>
		<name>Person</name>
		<pose>Unspecified</pose>
		<truncated>0</truncated>
		<difficult>0</difficult>
		<bndbox>
			<xmin>326.0</xmin>
			<ymin>137.0</ymin>
			<xmax>364.0</xmax>
			<ymax>197.0</ymax>
		</bndbox>
	</object>
	<object>
		<name>Person</name>
		<pose>Unspecified</pose>
		<truncated>0</truncated>
		<difficult>0</difficult>
		<bndbox>
			<xmin>260.0</xmin>
			<ymin>187.0</ymin>
			<xmax>323.0</xmax>
			<ymax>267.0</ymax>
		</bndbox>
	</object>
	<object>
		<name>Person</name>
		<pose>Unspecified</pose>
		<truncated>0</truncated>
		<difficult>0</difficult>
		<bndbox>
			<xmin>92.0</xmin>
			<ymin>180.0</ymin>
			<xmax>132.0</xmax>
			<ymax>262.0</ymax>
		</bndbox>
	</object>
	<object>
		<name>Person</name>
		<pose>Unspecified</pose>
		<truncated>0</truncated>
		<difficult>0</difficult>
		<bndbox>
			<xmin>376.0</xmin>
			<ymin>168.0</ymin>
			<xmax>414.0</xmax>
			<ymax>255.0</ymax>
		</bndbox>
	</object>
	<object>
		<name>Person</name>
		<pose>Unspecified</pose>
		<truncated>0</truncated>
		<difficult>0</difficult>
		<bndbox>
			<xmin>276.0</xmin>
			<ymin>140.0</ymin>
			<xmax>316.0</xmax>
			<ymax>211.0</ymax>
		</bndbox>
	</object>
	<object>
		<name>Person</name>
		<pose>Unspecified</pose>
		<truncated>0</truncated>
		<difficult>0</difficult>
		<bndbox>
			<xmin>136.0</xmin>
			<ymin>160.0</ymin>
			<xmax>161.0</xmax>
			<ymax>230.0</ymax>
		</bndbox>
	</object>
</annotation>