<annotation>
	<folder>c1bec4ce94462c9cfaa2b5095f334701</folder>
	<filename>carlos-de-toro-carlosdetoro-PFH9qGtdqbY-unsplash.jpeg</filename>
	<path>c1bec4ce94462c9cfaa2b5095f334701/carlos-de-toro-carlosdetoro-PFH9qGtdqbY-unsplash.jpeg</path>
	<source>
		<database>datature.io</database>
	</source>
	<size>
		<width>640</width>
		<height>918</height>
		<depth>3</depth>
	</size>
	<segmented>0</segmented>
	<object>
		<name>Masked</name>
		<pose>Unspecified</pose>
		<truncated>0</truncated>
		<difficult>0</difficult>
		<bndbox>
			<xmin>275.0</xmin>
			<ymin>474.0</ymin>
			<xmax>357.0</xmax>
			<ymax>618.0</ymax>
		</bndbox>
	</object>
</annotation>