<annotation>
	<folder>c1bec4ce94462c9cfaa2b5095f334701</folder>
	<filename>charles-etoroma-vkc1YLZ50yE-unsplash.jpeg</filename>
	<path>c1bec4ce94462c9cfaa2b5095f334701/charles-etoroma-vkc1YLZ50yE-unsplash.jpeg</path>
	<source>
		<database>datature.io</database>
	</source>
	<size>
		<width>640</width>
		<height>853</height>
		<depth>3</depth>
	</size>
	<segmented>0</segmented>
	<object>
		<name>Masked</name>
		<pose>Unspecified</pose>
		<truncated>0</truncated>
		<difficult>0</difficult>
		<bndbox>
			<xmin>156.0</xmin>
			<ymin>202.0</ymin>
			<xmax>546.0</xmax>
			<ymax>849.0</ymax>
		</bndbox>
	</object>
</annotation>