<annotation>
	<folder>c1bec4ce94462c9cfaa2b5095f334701</folder>
	<filename>chris-yang-2yE1K98BIAg-unsplash.jpeg</filename>
	<path>c1bec4ce94462c9cfaa2b5095f334701/chris-yang-2yE1K98BIAg-unsplash.jpeg</path>
	<source>
		<database>datature.io</database>
	</source>
	<size>
		<width>640</width>
		<height>960</height>
		<depth>3</depth>
	</size>
	<segmented>0</segmented>
	<object>
		<name>Person</name>
		<pose>Unspecified</pose>
		<truncated>0</truncated>
		<difficult>0</difficult>
		<bndbox>
			<xmin>152.0</xmin>
			<ymin>453.0</ymin>
			<xmax>227.0</xmax>
			<ymax>643.0</ymax>
		</bndbox>
	</object>
	<object>
		<name>Person</name>
		<pose>Unspecified</pose>
		<truncated>0</truncated>
		<difficult>0</difficult>
		<bndbox>
			<xmin>351.0</xmin>
			<ymin>450.0</ymin>
			<xmax>426.0</xmax>
			<ymax>590.0</ymax>
		</bndbox>
	</object>
	<object>
		<name>Person</name>
		<pose>Unspecified</pose>
		<truncated>0</truncated>
		<difficult>0</difficult>
		<bndbox>
			<xmin>232.0</xmin>
			<ymin>443.0</ymin>
			<xmax>410.0</xmax>
			<ymax>894.0</ymax>
		</bndbox>
	</object>
</annotation>