<annotation>
	<folder>c1bec4ce94462c9cfaa2b5095f334701</folder>
	<filename>conner-baker-M5Zix_4Jc4k-unsplash.jpeg</filename>
	<path>c1bec4ce94462c9cfaa2b5095f334701/conner-baker-M5Zix_4Jc4k-unsplash.jpeg</path>
	<source>
		<database>datature.io</database>
	</source>
	<size>
		<width>640</width>
		<height>960</height>
		<depth>3</depth>
	</size>
	<segmented>0</segmented>
	<object>
		<name>Person</name>
		<pose>Unspecified</pose>
		<truncated>0</truncated>
		<difficult>0</difficult>
		<bndbox>
			<xmin>176.0</xmin>
			<ymin>388.0</ymin>
			<xmax>414.0</xmax>
			<ymax>960</ymax>
		</bndbox>
	</object>
	<object>
		<name>Person</name>
		<pose>Unspecified</pose>
		<truncated>0</truncated>
		<difficult>0</difficult>
		<bndbox>
			<xmin>164.0</xmin>
			<ymin>174.0</ymin>
			<xmax>438.0</xmax>
			<ymax>610.0</ymax>
		</bndbox>
	</object>
</annotation>