<annotation>
	<folder>c1bec4ce94462c9cfaa2b5095f334701</folder>
	<filename>courtney-coles-flaI6lisU9k-unsplash.jpeg</filename>
	<path>c1bec4ce94462c9cfaa2b5095f334701/courtney-coles-flaI6lisU9k-unsplash.jpeg</path>
	<source>
		<database>datature.io</database>
	</source>
	<size>
		<width>640</width>
		<height>960</height>
		<depth>3</depth>
	</size>
	<segmented>0</segmented>
	<object>
		<name>Masked</name>
		<pose>Unspecified</pose>
		<truncated>0</truncated>
		<difficult>0</difficult>
		<bndbox>
			<xmin>305.0</xmin>
			<ymin>194.0</ymin>
			<xmax>553.0</xmax>
			<ymax>956.0</ymax>
		</bndbox>
	</object>
	<object>
		<name>Masked</name>
		<pose>Unspecified</pose>
		<truncated>0</truncated>
		<difficult>0</difficult>
		<bndbox>
			<xmin>11.0</xmin>
			<ymin>215.0</ymin>
			<xmax>298.0</xmax>
			<ymax>959.0</ymax>
		</bndbox>
	</object>
</annotation>