<annotation>
	<folder>c1bec4ce94462c9cfaa2b5095f334701</folder>
	<filename>daniel-lincoln-zom5f3cZAXI-unsplash.jpeg</filename>
	<path>c1bec4ce94462c9cfaa2b5095f334701/daniel-lincoln-zom5f3cZAXI-unsplash.jpeg</path>
	<source>
		<database>datature.io</database>
	</source>
	<size>
		<width>640</width>
		<height>960</height>
		<depth>3</depth>
	</size>
	<segmented>0</segmented>
	<object>
		<name>Masked</name>
		<pose>Unspecified</pose>
		<truncated>0</truncated>
		<difficult>0</difficult>
		<bndbox>
			<xmin>187.0</xmin>
			<ymin>59.0</ymin>
			<xmax>408.0</xmax>
			<ymax>737.0</ymax>
		</bndbox>
	</object>
</annotation>