<annotation>
	<folder>c1bec4ce94462c9cfaa2b5095f334701</folder>
	<filename>elisaveta-bunduche-tQzp2XAUV7A-unsplash.jpeg</filename>
	<path>c1bec4ce94462c9cfaa2b5095f334701/elisaveta-bunduche-tQzp2XAUV7A-unsplash.jpeg</path>
	<source>
		<database>datature.io</database>
	</source>
	<size>
		<width>640</width>
		<height>960</height>
		<depth>3</depth>
	</size>
	<segmented>0</segmented>
	<object>
		<name>Masked</name>
		<pose>Unspecified</pose>
		<truncated>0</truncated>
		<difficult>0</difficult>
		<bndbox>
			<xmin>160.0</xmin>
			<ymin>359.0</ymin>
			<xmax>376.0</xmax>
			<ymax>647.0</ymax>
		</bndbox>
	</object>
</annotation>