<annotation>
	<folder>c1bec4ce94462c9cfaa2b5095f334701</folder>
	<filename>erik-mclean-j6u6pH2J3mE-unsplash.jpeg</filename>
	<path>c1bec4ce94462c9cfaa2b5095f334701/erik-mclean-j6u6pH2J3mE-unsplash.jpeg</path>
	<source>
		<database>datature.io</database>
	</source>
	<size>
		<width>640</width>
		<height>960</height>
		<depth>3</depth>
	</size>
	<segmented>0</segmented>
	<object>
		<name>Masked</name>
		<pose>Unspecified</pose>
		<truncated>0</truncated>
		<difficult>0</difficult>
		<bndbox>
			<xmin>14.0</xmin>
			<ymin>215.0</ymin>
			<xmax>513.0</xmax>
			<ymax>870.0</ymax>
		</bndbox>
	</object>
</annotation>