<annotation>
	<folder>c1bec4ce94462c9cfaa2b5095f334701</folder>
	<filename>ethan-johnson-IzUyV6BbfQw-unsplash.jpeg</filename>
	<path>c1bec4ce94462c9cfaa2b5095f334701/ethan-johnson-IzUyV6BbfQw-unsplash.jpeg</path>
	<source>
		<database>datature.io</database>
	</source>
	<size>
		<width>640</width>
		<height>443</height>
		<depth>3</depth>
	</size>
	<segmented>0</segmented>
	<object>
		<name>Person</name>
		<pose>Unspecified</pose>
		<truncated>0</truncated>
		<difficult>0</difficult>
		<bndbox>
			<xmin>125.0</xmin>
			<ymin>36.0</ymin>
			<xmax>237.0</xmax>
			<ymax>404.0</ymax>
		</bndbox>
	</object>
	<object>
		<name>Person</name>
		<pose>Unspecified</pose>
		<truncated>0</truncated>
		<difficult>0</difficult>
		<bndbox>
			<xmin>0.0</xmin>
			<ymin>53.0</ymin>
			<xmax>115.0</xmax>
			<ymax>414.0</ymax>
		</bndbox>
	</object>
	<object>
		<name>Person</name>
		<pose>Unspecified</pose>
		<truncated>0</truncated>
		<difficult>0</difficult>
		<bndbox>
			<xmin>250.0</xmin>
			<ymin>190.0</ymin>
			<xmax>383.0</xmax>
			<ymax>418.0</ymax>
		</bndbox>
	</object>
	<object>
		<name>Person</name>
		<pose>Unspecified</pose>
		<truncated>0</truncated>
		<difficult>0</difficult>
		<bndbox>
			<xmin>449.0</xmin>
			<ymin>75.0</ymin>
			<xmax>540.0</xmax>
			<ymax>420.0</ymax>
		</bndbox>
	</object>
</annotation>