<annotation>
	<folder>c1bec4ce94462c9cfaa2b5095f334701</folder>
	<filename>gabriella-clare-marino-PneNm_dMD-0-unsplash.jpeg</filename>
	<path>c1bec4ce94462c9cfaa2b5095f334701/gabriella-clare-marino-PneNm_dMD-0-unsplash.jpeg</path>
	<source>
		<database>datature.io</database>
	</source>
	<size>
		<width>640</width>
		<height>960</height>
		<depth>3</depth>
	</size>
	<segmented>0</segmented>
	<object>
		<name>Masked</name>
		<pose>Unspecified</pose>
		<truncated>0</truncated>
		<difficult>0</difficult>
		<bndbox>
			<xmin>542.0</xmin>
			<ymin>431.0</ymin>
			<xmax>593.0</xmax>
			<ymax>641.0</ymax>
		</bndbox>
	</object>
	<object>
		<name>Masked</name>
		<pose>Unspecified</pose>
		<truncated>0</truncated>
		<difficult>0</difficult>
		<bndbox>
			<xmin>226.0</xmin>
			<ymin>403.0</ymin>
			<xmax>278.0</xmax>
			<ymax>549.0</ymax>
		</bndbox>
	</object>
	<object>
		<name>Masked</name>
		<pose>Unspecified</pose>
		<truncated>0</truncated>
		<difficult>0</difficult>
		<bndbox>
			<xmin>89.0</xmin>
			<ymin>389.0</ymin>
			<xmax>91.0</xmax>
			<ymax>390.0</ymax>
		</bndbox>
	</object>
	<object>
		<name>Masked</name>
		<pose>Unspecified</pose>
		<truncated>0</truncated>
		<difficult>0</difficult>
		<bndbox>
			<xmin>326.0</xmin>
			<ymin>414.0</ymin>
			<xmax>420.0</xmax>
			<ymax>696.0</ymax>
		</bndbox>
	</object>
	<object>
		<name>Masked</name>
		<pose>Unspecified</pose>
		<truncated>0</truncated>
		<difficult>0</difficult>
		<bndbox>
			<xmin>408.0</xmin>
			<ymin>392.0</ymin>
			<xmax>449.0</xmax>
			<ymax>673.0</ymax>
		</bndbox>
	</object>
	<object>
		<name>Masked</name>
		<pose>Unspecified</pose>
		<truncated>0</truncated>
		<difficult>0</difficult>
		<bndbox>
			<xmin>65.0</xmin>
			<ymin>395.0</ymin>
			<xmax>134.0</xmax>
			<ymax>552.0</ymax>
		</bndbox>
	</object>
	<object>
		<name>Masked</name>
		<pose>Unspecified</pose>
		<truncated>0</truncated>
		<difficult>0</difficult>
		<bndbox>
			<xmin>139.0</xmin>
			<ymin>418.0</ymin>
			<xmax>195.0</xmax>
			<ymax>556.0</ymax>
		</bndbox>
	</object>
	<object>
		<name>Masked</name>
		<pose>Unspecified</pose>
		<truncated>0</truncated>
		<difficult>0</difficult>
		<bndbox>
			<xmin>474.0</xmin>
			<ymin>406.0</ymin>
			<xmax>528.0</xmax>
			<ymax>604.0</ymax>
		</bndbox>
	</object>
</annotation>