<annotation>
	<folder>c1bec4ce94462c9cfaa2b5095f334701</folder>
	<filename>gayatri-malhotra-_AWslYBLayw-unsplash.jpeg</filename>
	<path>c1bec4ce94462c9cfaa2b5095f334701/gayatri-malhotra-_AWslYBLayw-unsplash.jpeg</path>
	<source>
		<database>datature.io</database>
	</source>
	<size>
		<width>640</width>
		<height>960</height>
		<depth>3</depth>
	</size>
	<segmented>0</segmented>
	<object>
		<name>Masked</name>
		<pose>Unspecified</pose>
		<truncated>0</truncated>
		<difficult>0</difficult>
		<bndbox>
			<xmin>353.0</xmin>
			<ymin>228.0</ymin>
			<xmax>576.0</xmax>
			<ymax>917.0</ymax>
		</bndbox>
	</object>
	<object>
		<name>Masked</name>
		<pose>Unspecified</pose>
		<truncated>0</truncated>
		<difficult>0</difficult>
		<bndbox>
			<xmin>91.0</xmin>
			<ymin>219.0</ymin>
			<xmax>415.0</xmax>
			<ymax>926.0</ymax>
		</bndbox>
	</object>
</annotation>