<annotation>
	<folder>c1bec4ce94462c9cfaa2b5095f334701</folder>
	<filename>giuseppe-argenziano-Tu7XW71epdU-unsplash.jpeg</filename>
	<path>c1bec4ce94462c9cfaa2b5095f334701/giuseppe-argenziano-Tu7XW71epdU-unsplash.jpeg</path>
	<source>
		<database>datature.io</database>
	</source>
	<size>
		<width>640</width>
		<height>427</height>
		<depth>3</depth>
	</size>
	<segmented>0</segmented>
	<object>
		<name>Masked</name>
		<pose>Unspecified</pose>
		<truncated>0</truncated>
		<difficult>0</difficult>
		<bndbox>
			<xmin>498.0</xmin>
			<ymin>115.0</ymin>
			<xmax>632.0</xmax>
			<ymax>397.0</ymax>
		</bndbox>
	</object>
	<object>
		<name>Masked</name>
		<pose>Unspecified</pose>
		<truncated>0</truncated>
		<difficult>0</difficult>
		<bndbox>
			<xmin>50.0</xmin>
			<ymin>97.0</ymin>
			<xmax>189.0</xmax>
			<ymax>400.0</ymax>
		</bndbox>
	</object>
</annotation>