<annotation>
	<folder>c1bec4ce94462c9cfaa2b5095f334701</folder>
	<filename>j-k-72l60yQ4Kp4-unsplash.jpeg</filename>
	<path>c1bec4ce94462c9cfaa2b5095f334701/j-k-72l60yQ4Kp4-unsplash.jpeg</path>
	<source>
		<database>datature.io</database>
	</source>
	<size>
		<width>640</width>
		<height>959</height>
		<depth>3</depth>
	</size>
	<segmented>0</segmented>
	<object>
		<name>Masked</name>
		<pose>Unspecified</pose>
		<truncated>0</truncated>
		<difficult>0</difficult>
		<bndbox>
			<xmin>100.0</xmin>
			<ymin>109.0</ymin>
			<xmax>639.0</xmax>
			<ymax>958.0</ymax>
		</bndbox>
	</object>
</annotation>