<annotation>
	<folder>c1bec4ce94462c9cfaa2b5095f334701</folder>
	<filename>jakayla-toney-SCEc2bjfJ7g-unsplash.jpeg</filename>
	<path>c1bec4ce94462c9cfaa2b5095f334701/jakayla-toney-SCEc2bjfJ7g-unsplash.jpeg</path>
	<source>
		<database>datature.io</database>
	</source>
	<size>
		<width>640</width>
		<height>853</height>
		<depth>3</depth>
	</size>
	<segmented>0</segmented>
	<object>
		<name>Masked</name>
		<pose>Unspecified</pose>
		<truncated>0</truncated>
		<difficult>0</difficult>
		<bndbox>
			<xmin>211.0</xmin>
			<ymin>326.0</ymin>
			<xmax>380.0</xmax>
			<ymax>645.0</ymax>
		</bndbox>
	</object>
</annotation>