<annotation>
	<folder>c1bec4ce94462c9cfaa2b5095f334701</folder>
	<filename>jed-villejo-bEcC0nyIp2g-unsplash.jpeg</filename>
	<path>c1bec4ce94462c9cfaa2b5095f334701/jed-villejo-bEcC0nyIp2g-unsplash.jpeg</path>
	<source>
		<database>datature.io</database>
	</source>
	<size>
		<width>640</width>
		<height>506</height>
		<depth>3</depth>
	</size>
	<segmented>0</segmented>
	<object>
		<name>Person</name>
		<pose>Unspecified</pose>
		<truncated>0</truncated>
		<difficult>0</difficult>
		<bndbox>
			<xmin>423.0</xmin>
			<ymin>158.0</ymin>
			<xmax>520.0</xmax>
			<ymax>368.0</ymax>
		</bndbox>
	</object>
	<object>
		<name>Person</name>
		<pose>Unspecified</pose>
		<truncated>0</truncated>
		<difficult>0</difficult>
		<bndbox>
			<xmin>187.0</xmin>
			<ymin>133.0</ymin>
			<xmax>306.0</xmax>
			<ymax>417.0</ymax>
		</bndbox>
	</object>
	<object>
		<name>Person</name>
		<pose>Unspecified</pose>
		<truncated>0</truncated>
		<difficult>0</difficult>
		<bndbox>
			<xmin>501.0</xmin>
			<ymin>158.0</ymin>
			<xmax>632.0</xmax>
			<ymax>375.0</ymax>
		</bndbox>
	</object>
	<object>
		<name>Person</name>
		<pose>Unspecified</pose>
		<truncated>0</truncated>
		<difficult>0</difficult>
		<bndbox>
			<xmin>319.0</xmin>
			<ymin>138.0</ymin>
			<xmax>462.0</xmax>
			<ymax>440.0</ymax>
		</bndbox>
	</object>
	<object>
		<name>Person</name>
		<pose>Unspecified</pose>
		<truncated>0</truncated>
		<difficult>0</difficult>
		<bndbox>
			<xmin>88.0</xmin>
			<ymin>139.0</ymin>
			<xmax>203.0</xmax>
			<ymax>383.0</ymax>
		</bndbox>
	</object>
</annotation>