<annotation>
	<folder>c1bec4ce94462c9cfaa2b5095f334701</folder>
	<filename>kateryna-hliznitsova-OVe2JXUS0qY-unsplash.jpeg</filename>
	<path>c1bec4ce94462c9cfaa2b5095f334701/kateryna-hliznitsova-OVe2JXUS0qY-unsplash.jpeg</path>
	<source>
		<database>datature.io</database>
	</source>
	<size>
		<width>640</width>
		<height>427</height>
		<depth>3</depth>
	</size>
	<segmented>0</segmented>
	<object>
		<name>Person</name>
		<pose>Unspecified</pose>
		<truncated>0</truncated>
		<difficult>0</difficult>
		<bndbox>
			<xmin>296.0</xmin>
			<ymin>45.0</ymin>
			<xmax>554.0</xmax>
			<ymax>427.0</ymax>
		</bndbox>
	</object>
</annotation>