<annotation>
	<folder>c1bec4ce94462c9cfaa2b5095f334701</folder>
	<filename>kate-trifo-6Ps0pMoln_A-unsplash.jpeg</filename>
	<path>c1bec4ce94462c9cfaa2b5095f334701/kate-trifo-6Ps0pMoln_A-unsplash.jpeg</path>
	<source>
		<database>datature.io</database>
	</source>
	<size>
		<width>640</width>
		<height>427</height>
		<depth>3</depth>
	</size>
	<segmented>0</segmented>
	<object>
		<name>Masked</name>
		<pose>Unspecified</pose>
		<truncated>0</truncated>
		<difficult>0</difficult>
		<bndbox>
			<xmin>313.0</xmin>
			<ymin>57.0</ymin>
			<xmax>436.0</xmax>
			<ymax>400.0</ymax>
		</bndbox>
	</object>
	<object>
		<name>Person</name>
		<pose>Unspecified</pose>
		<truncated>0</truncated>
		<difficult>0</difficult>
		<bndbox>
			<xmin>12.0</xmin>
			<ymin>167.0</ymin>
			<xmax>42.0</xmax>
			<ymax>260.0</ymax>
		</bndbox>
	</object>
	<object>
		<name>Person</name>
		<pose>Unspecified</pose>
		<truncated>0</truncated>
		<difficult>0</difficult>
		<bndbox>
			<xmin>51.0</xmin>
			<ymin>69.0</ymin>
			<xmax>181.0</xmax>
			<ymax>413.0</ymax>
		</bndbox>
	</object>
</annotation>