<annotation>
	<folder>c1bec4ce94462c9cfaa2b5095f334701</folder>
	<filename>kyle-peyton-HI-375qob7M-unsplash.jpeg</filename>
	<path>c1bec4ce94462c9cfaa2b5095f334701/kyle-peyton-HI-375qob7M-unsplash.jpeg</path>
	<source>
		<database>datature.io</database>
	</source>
	<size>
		<width>640</width>
		<height>960</height>
		<depth>3</depth>
	</size>
	<segmented>0</segmented>
	<object>
		<name>Person</name>
		<pose>Unspecified</pose>
		<truncated>0</truncated>
		<difficult>0</difficult>
		<bndbox>
			<xmin>129.0</xmin>
			<ymin>244.0</ymin>
			<xmax>410.0</xmax>
			<ymax>922.0</ymax>
		</bndbox>
	</object>
</annotation>