<annotation>
	<folder>c1bec4ce94462c9cfaa2b5095f334701</folder>
	<filename>liz-fitch-m6Ap8OHHPHw-unsplash.jpeg</filename>
	<path>c1bec4ce94462c9cfaa2b5095f334701/liz-fitch-m6Ap8OHHPHw-unsplash.jpeg</path>
	<source>
		<database>datature.io</database>
	</source>
	<size>
		<width>640</width>
		<height>960</height>
		<depth>3</depth>
	</size>
	<segmented>0</segmented>
	<object>
		<name>Person</name>
		<pose>Unspecified</pose>
		<truncated>0</truncated>
		<difficult>0</difficult>
		<bndbox>
			<xmin>200.0</xmin>
			<ymin>244.0</ymin>
			<xmax>538.0</xmax>
			<ymax>955.0</ymax>
		</bndbox>
	</object>
	<object>
		<name>Person</name>
		<pose>Unspecified</pose>
		<truncated>0</truncated>
		<difficult>0</difficult>
		<bndbox>
			<xmin>0</xmin>
			<ymin>86.0</ymin>
			<xmax>259.0</xmax>
			<ymax>948.0</ymax>
		</bndbox>
	</object>
</annotation>