<annotation>
	<folder>c1bec4ce94462c9cfaa2b5095f334701</folder>
	<filename>luke-porter-NEqEC7qa9FM-unsplash.jpeg</filename>
	<path>c1bec4ce94462c9cfaa2b5095f334701/luke-porter-NEqEC7qa9FM-unsplash.jpeg</path>
	<source>
		<database>datature.io</database>
	</source>
	<size>
		<width>640</width>
		<height>427</height>
		<depth>3</depth>
	</size>
	<segmented>0</segmented>
	<object>
		<name>Person</name>
		<pose>Unspecified</pose>
		<truncated>0</truncated>
		<difficult>0</difficult>
		<bndbox>
			<xmin>490.0</xmin>
			<ymin>176.0</ymin>
			<xmax>577.0</xmax>
			<ymax>425.0</ymax>
		</bndbox>
	</object>
	<object>
		<name>Person</name>
		<pose>Unspecified</pose>
		<truncated>0</truncated>
		<difficult>0</difficult>
		<bndbox>
			<xmin>456.0</xmin>
			<ymin>165.0</ymin>
			<xmax>487.0</xmax>
			<ymax>287.0</ymax>
		</bndbox>
	</object>
	<object>
		<name>Person</name>
		<pose>Unspecified</pose>
		<truncated>0</truncated>
		<difficult>0</difficult>
		<bndbox>
			<xmin>209.0</xmin>
			<ymin>189.0</ymin>
			<xmax>322.0</xmax>
			<ymax>425.0</ymax>
		</bndbox>
	</object>
	<object>
		<name>Person</name>
		<pose>Unspecified</pose>
		<truncated>0</truncated>
		<difficult>0</difficult>
		<bndbox>
			<xmin>345.0</xmin>
			<ymin>148.0</ymin>
			<xmax>394.0</xmax>
			<ymax>349.0</ymax>
		</bndbox>
	</object>
	<object>
		<name>Person</name>
		<pose>Unspecified</pose>
		<truncated>0</truncated>
		<difficult>0</difficult>
		<bndbox>
			<xmin>389.0</xmin>
			<ymin>176.0</ymin>
			<xmax>471.0</xmax>
			<ymax>408.0</ymax>
		</bndbox>
	</object>
	<object>
		<name>Person</name>
		<pose>Unspecified</pose>
		<truncated>0</truncated>
		<difficult>0</difficult>
		<bndbox>
			<xmin>18.0</xmin>
			<ymin>141.0</ymin>
			<xmax>155.0</xmax>
			<ymax>425.0</ymax>
		</bndbox>
	</object>
	<object>
		<name>Person</name>
		<pose>Unspecified</pose>
		<truncated>0</truncated>
		<difficult>0</difficult>
		<bndbox>
			<xmin>108.0</xmin>
			<ymin>116.0</ymin>
			<xmax>205.0</xmax>
			<ymax>423.0</ymax>
		</bndbox>
	</object>
	<object>
		<name>Person</name>
		<pose>Unspecified</pose>
		<truncated>0</truncated>
		<difficult>0</difficult>
		<bndbox>
			<xmin>240.0</xmin>
			<ymin>132.0</ymin>
			<xmax>316.0</xmax>
			<ymax>255.0</ymax>
		</bndbox>
	</object>
</annotation>