<annotation>
	<folder>c1bec4ce94462c9cfaa2b5095f334701</folder>
	<filename>model-2359543_640.jpeg</filename>
	<path>c1bec4ce94462c9cfaa2b5095f334701/model-2359543_640.jpeg</path>
	<source>
		<database>datature.io</database>
	</source>
	<size>
		<width>640</width>
		<height>427</height>
		<depth>3</depth>
	</size>
	<segmented>0</segmented>
	<object>
		<name>Person</name>
		<pose>Unspecified</pose>
		<truncated>0</truncated>
		<difficult>0</difficult>
		<bndbox>
			<xmin>254.0</xmin>
			<ymin>17.0</ymin>
			<xmax>445.0</xmax>
			<ymax>425.0</ymax>
		</bndbox>
	</object>
	<object>
		<name>Masked</name>
		<pose>Unspecified</pose>
		<truncated>0</truncated>
		<difficult>0</difficult>
		<bndbox>
			<xmin>376.0</xmin>
			<ymin>23.0</ymin>
			<xmax>601.0</xmax>
			<ymax>425.0</ymax>
		</bndbox>
	</object>
</annotation>