<annotation>
	<folder>c1bec4ce94462c9cfaa2b5095f334701</folder>
	<filename>mohammed-hassan-fdCvrdYUJsY-unsplash.jpeg</filename>
	<path>c1bec4ce94462c9cfaa2b5095f334701/mohammed-hassan-fdCvrdYUJsY-unsplash.jpeg</path>
	<source>
		<database>datature.io</database>
	</source>
	<size>
		<width>640</width>
		<height>966</height>
		<depth>3</depth>
	</size>
	<segmented>0</segmented>
	<object>
		<name>Masked</name>
		<pose>Unspecified</pose>
		<truncated>0</truncated>
		<difficult>0</difficult>
		<bndbox>
			<xmin>1.0</xmin>
			<ymin>186.0</ymin>
			<xmax>640</xmax>
			<ymax>962.0</ymax>
		</bndbox>
	</object>
</annotation>