<annotation>
	<folder>c1bec4ce94462c9cfaa2b5095f334701</folder>
	<filename>naassom-azevedo-AcWC8WuCQ_k-unsplash.jpeg</filename>
	<path>c1bec4ce94462c9cfaa2b5095f334701/naassom-azevedo-AcWC8WuCQ_k-unsplash.jpeg</path>
	<source>
		<database>datature.io</database>
	</source>
	<size>
		<width>640</width>
		<height>427</height>
		<depth>3</depth>
	</size>
	<segmented>0</segmented>
	<object>
		<name>Person</name>
		<pose>Unspecified</pose>
		<truncated>0</truncated>
		<difficult>0</difficult>
		<bndbox>
			<xmin>149.0</xmin>
			<ymin>60.0</ymin>
			<xmax>250.0</xmax>
			<ymax>344.0</ymax>
		</bndbox>
	</object>
	<object>
		<name>Person</name>
		<pose>Unspecified</pose>
		<truncated>0</truncated>
		<difficult>0</difficult>
		<bndbox>
			<xmin>8.0</xmin>
			<ymin>73.0</ymin>
			<xmax>130.0</xmax>
			<ymax>346.0</ymax>
		</bndbox>
	</object>
	<object>
		<name>Person</name>
		<pose>Unspecified</pose>
		<truncated>0</truncated>
		<difficult>0</difficult>
		<bndbox>
			<xmin>344.0</xmin>
			<ymin>109.0</ymin>
			<xmax>454.0</xmax>
			<ymax>352.0</ymax>
		</bndbox>
	</object>
	<object>
		<name>Person</name>
		<pose>Unspecified</pose>
		<truncated>0</truncated>
		<difficult>0</difficult>
		<bndbox>
			<xmin>236.0</xmin>
			<ymin>54.0</ymin>
			<xmax>335.0</xmax>
			<ymax>353.0</ymax>
		</bndbox>
	</object>
	<object>
		<name>Person</name>
		<pose>Unspecified</pose>
		<truncated>0</truncated>
		<difficult>0</difficult>
		<bndbox>
			<xmin>465.0</xmin>
			<ymin>0</ymin>
			<xmax>640</xmax>
			<ymax>370.0</ymax>
		</bndbox>
	</object>
</annotation>