<annotation>
	<folder>c1bec4ce94462c9cfaa2b5095f334701</folder>
	<filename>nata-figueiredo-8qrnOP1s6H4-unsplash.jpeg</filename>
	<path>c1bec4ce94462c9cfaa2b5095f334701/nata-figueiredo-8qrnOP1s6H4-unsplash.jpeg</path>
	<source>
		<database>datature.io</database>
	</source>
	<size>
		<width>640</width>
		<height>956</height>
		<depth>3</depth>
	</size>
	<segmented>0</segmented>
	<object>
		<name>Masked</name>
		<pose>Unspecified</pose>
		<truncated>0</truncated>
		<difficult>0</difficult>
		<bndbox>
			<xmin>348.0</xmin>
			<ymin>172.0</ymin>
			<xmax>613.0</xmax>
			<ymax>760.0</ymax>
		</bndbox>
	</object>
	<object>
		<name>Masked</name>
		<pose>Unspecified</pose>
		<truncated>0</truncated>
		<difficult>0</difficult>
		<bndbox>
			<xmin>38.0</xmin>
			<ymin>216.0</ymin>
			<xmax>358.0</xmax>
			<ymax>804.0</ymax>
		</bndbox>
	</object>
</annotation>