<annotation>
	<folder>c1bec4ce94462c9cfaa2b5095f334701</folder>
	<filename>pexels-cottonbro-6804102.jpeg</filename>
	<path>c1bec4ce94462c9cfaa2b5095f334701/pexels-cottonbro-6804102.jpeg</path>
	<source>
		<database>datature.io</database>
	</source>
	<size>
		<width>640</width>
		<height>427</height>
		<depth>3</depth>
	</size>
	<segmented>0</segmented>
	<object>
		<name>Person</name>
		<pose>Unspecified</pose>
		<truncated>0</truncated>
		<difficult>0</difficult>
		<bndbox>
			<xmin>180.0</xmin>
			<ymin>124.0</ymin>
			<xmax>454.0</xmax>
			<ymax>425.0</ymax>
		</bndbox>
	</object>
</annotation>