<annotation>
	<folder>c1bec4ce94462c9cfaa2b5095f334701</folder>
	<filename>pexels-mehmet-ali-turan-4307587.jpeg</filename>
	<path>c1bec4ce94462c9cfaa2b5095f334701/pexels-mehmet-ali-turan-4307587.jpeg</path>
	<source>
		<database>datature.io</database>
	</source>
	<size>
		<width>640</width>
		<height>1126</height>
		<depth>3</depth>
	</size>
	<segmented>0</segmented>
	<object>
		<name>Masked</name>
		<pose>Unspecified</pose>
		<truncated>0</truncated>
		<difficult>0</difficult>
		<bndbox>
			<xmin>210.0</xmin>
			<ymin>776.0</ymin>
			<xmax>312.0</xmax>
			<ymax>997.0</ymax>
		</bndbox>
	</object>
</annotation>