<annotation>
	<folder>c1bec4ce94462c9cfaa2b5095f334701</folder>
	<filename>pexels-muyiwa-olatubi-12324493.jpeg</filename>
	<path>c1bec4ce94462c9cfaa2b5095f334701/pexels-muyiwa-olatubi-12324493.jpeg</path>
	<source>
		<database>datature.io</database>
	</source>
	<size>
		<width>640</width>
		<height>512</height>
		<depth>3</depth>
	</size>
	<segmented>0</segmented>
	<object>
		<name>Person</name>
		<pose>Unspecified</pose>
		<truncated>0</truncated>
		<difficult>0</difficult>
		<bndbox>
			<xmin>263.0</xmin>
			<ymin>87.0</ymin>
			<xmax>411.0</xmax>
			<ymax>491.0</ymax>
		</bndbox>
	</object>
</annotation>