<annotation>
	<folder>c1bec4ce94462c9cfaa2b5095f334701</folder>
	<filename>pexels-pavel-danilyuk-9119896.jpeg</filename>
	<path>c1bec4ce94462c9cfaa2b5095f334701/pexels-pavel-danilyuk-9119896.jpeg</path>
	<source>
		<database>datature.io</database>
	</source>
	<size>
		<width>640</width>
		<height>959</height>
		<depth>3</depth>
	</size>
	<segmented>0</segmented>
	<object>
		<name>Person</name>
		<pose>Unspecified</pose>
		<truncated>0</truncated>
		<difficult>0</difficult>
		<bndbox>
			<xmin>282.0</xmin>
			<ymin>530.0</ymin>
			<xmax>448.0</xmax>
			<ymax>917.0</ymax>
		</bndbox>
	</object>
</annotation>