<annotation>
	<folder>c1bec4ce94462c9cfaa2b5095f334701</folder>
	<filename>pexels-george-milton-6953803.jpeg</filename>
	<path>c1bec4ce94462c9cfaa2b5095f334701/pexels-george-milton-6953803.jpeg</path>
	<source>
		<database>datature.io</database>
	</source>
	<size>
		<width>640</width>
		<height>960</height>
		<depth>3</depth>
	</size>
	<segmented>0</segmented>
	<object>
		<name>Person</name>
		<pose>Unspecified</pose>
		<truncated>0</truncated>
		<difficult>0</difficult>
		<bndbox>
			<xmin>23.0</xmin>
			<ymin>114.0</ymin>
			<xmax>628.0</xmax>
			<ymax>953.0</ymax>
		</bndbox>
	</object>
</annotation>