<annotation>
	<folder>c1bec4ce94462c9cfaa2b5095f334701</folder>
	<filename>pexels-yan-krukov-8429825.jpeg</filename>
	<path>c1bec4ce94462c9cfaa2b5095f334701/pexels-yan-krukov-8429825.jpeg</path>
	<source>
		<database>datature.io</database>
	</source>
	<size>
		<width>640</width>
		<height>427</height>
		<depth>3</depth>
	</size>
	<segmented>0</segmented>
	<object>
		<name>Person</name>
		<pose>Unspecified</pose>
		<truncated>0</truncated>
		<difficult>0</difficult>
		<bndbox>
			<xmin>50.0</xmin>
			<ymin>5.0</ymin>
			<xmax>393.0</xmax>
			<ymax>381.0</ymax>
		</bndbox>
	</object>
	<object>
		<name>Person</name>
		<pose>Unspecified</pose>
		<truncated>0</truncated>
		<difficult>0</difficult>
		<bndbox>
			<xmin>407.0</xmin>
			<ymin>112.0</ymin>
			<xmax>639.0</xmax>
			<ymax>427</ymax>
		</bndbox>
	</object>
</annotation>