<annotation>
	<folder>c1bec4ce94462c9cfaa2b5095f334701</folder>
	<filename>pexels-timur-weber-9531975.jpeg</filename>
	<path>c1bec4ce94462c9cfaa2b5095f334701/pexels-timur-weber-9531975.jpeg</path>
	<source>
		<database>datature.io</database>
	</source>
	<size>
		<width>640</width>
		<height>960</height>
		<depth>3</depth>
	</size>
	<segmented>0</segmented>
	<object>
		<name>Person</name>
		<pose>Unspecified</pose>
		<truncated>0</truncated>
		<difficult>0</difficult>
		<bndbox>
			<xmin>336.0</xmin>
			<ymin>0</ymin>
			<xmax>410.0</xmax>
			<ymax>83.0</ymax>
		</bndbox>
	</object>
	<object>
		<name>Person</name>
		<pose>Unspecified</pose>
		<truncated>0</truncated>
		<difficult>0</difficult>
		<bndbox>
			<xmin>141.0</xmin>
			<ymin>25.0</ymin>
			<xmax>181.0</xmax>
			<ymax>79.0</ymax>
		</bndbox>
	</object>
	<object>
		<name>Masked</name>
		<pose>Unspecified</pose>
		<truncated>0</truncated>
		<difficult>0</difficult>
		<bndbox>
			<xmin>81.0</xmin>
			<ymin>171.0</ymin>
			<xmax>502.0</xmax>
			<ymax>793.0</ymax>
		</bndbox>
	</object>
</annotation>