<annotation>
	<folder>c1bec4ce94462c9cfaa2b5095f334701</folder>
	<filename>pexels-shvets-production-8416075.jpeg</filename>
	<path>c1bec4ce94462c9cfaa2b5095f334701/pexels-shvets-production-8416075.jpeg</path>
	<source>
		<database>datature.io</database>
	</source>
	<size>
		<width>640</width>
		<height>427</height>
		<depth>3</depth>
	</size>
	<segmented>0</segmented>
	<object>
		<name>Person</name>
		<pose>Unspecified</pose>
		<truncated>0</truncated>
		<difficult>0</difficult>
		<bndbox>
			<xmin>256.0</xmin>
			<ymin>45.0</ymin>
			<xmax>417.0</xmax>
			<ymax>388.0</ymax>
		</bndbox>
	</object>
</annotation>