<annotation>
	<folder>c1bec4ce94462c9cfaa2b5095f334701</folder>
	<filename>pexels-yaroslava-borz-10550163.jpeg</filename>
	<path>c1bec4ce94462c9cfaa2b5095f334701/pexels-yaroslava-borz-10550163.jpeg</path>
	<source>
		<database>datature.io</database>
	</source>
	<size>
		<width>640</width>
		<height>955</height>
		<depth>3</depth>
	</size>
	<segmented>0</segmented>
	<object>
		<name>Masked</name>
		<pose>Unspecified</pose>
		<truncated>0</truncated>
		<difficult>0</difficult>
		<bndbox>
			<xmin>128.0</xmin>
			<ymin>485.0</ymin>
			<xmax>374.0</xmax>
			<ymax>784.0</ymax>
		</bndbox>
	</object>
</annotation>