<annotation>
	<folder>c1bec4ce94462c9cfaa2b5095f334701</folder>
	<filename>pexels-mustafa-ezz-719738.jpeg</filename>
	<path>c1bec4ce94462c9cfaa2b5095f334701/pexels-mustafa-ezz-719738.jpeg</path>
	<source>
		<database>datature.io</database>
	</source>
	<size>
		<width>640</width>
		<height>403</height>
		<depth>3</depth>
	</size>
	<segmented>0</segmented>
	<object>
		<name>Person</name>
		<pose>Unspecified</pose>
		<truncated>0</truncated>
		<difficult>0</difficult>
		<bndbox>
			<xmin>177.0</xmin>
			<ymin>48.0</ymin>
			<xmax>446.0</xmax>
			<ymax>401.0</ymax>
		</bndbox>
	</object>
</annotation>