<annotation>
	<folder>c1bec4ce94462c9cfaa2b5095f334701</folder>
	<filename>pexels-julia-avamotive-1034859.jpeg</filename>
	<path>c1bec4ce94462c9cfaa2b5095f334701/pexels-julia-avamotive-1034859.jpeg</path>
	<source>
		<database>datature.io</database>
	</source>
	<size>
		<width>3652</width>
		<height>2435</height>
		<depth>3</depth>
	</size>
	<segmented>0</segmented>
	<object>
		<name>Person</name>
		<pose>Unspecified</pose>
		<truncated>0</truncated>
		<difficult>0</difficult>
		<bndbox>
			<xmin>1317.0</xmin>
			<ymin>298.0</ymin>
			<xmax>2417.0</xmax>
			<ymax>2358.0</ymax>
		</bndbox>
	</object>
</annotation>