<annotation>
	<folder>c1bec4ce94462c9cfaa2b5095f334701</folder>
	<filename>pexels-&#1077;&#1074;&#1075;&#1077;&#1085;&#1080;&#1080;&#774;-&#1096;&#1091;&#1093;&#1084;&#1072;&#1085;-10339372.jpeg</filename>
	<path>c1bec4ce94462c9cfaa2b5095f334701/pexels-&#1077;&#1074;&#1075;&#1077;&#1085;&#1080;&#1080;&#774;-&#1096;&#1091;&#1093;&#1084;&#1072;&#1085;-10339372.jpeg</path>
	<source>
		<database>datature.io</database>
	</source>
	<size>
		<width>640</width>
		<height>853</height>
		<depth>3</depth>
	</size>
	<segmented>0</segmented>
	<object>
		<name>Masked</name>
		<pose>Unspecified</pose>
		<truncated>0</truncated>
		<difficult>0</difficult>
		<bndbox>
			<xmin>5.0</xmin>
			<ymin>25.0</ymin>
			<xmax>611.0</xmax>
			<ymax>851.0</ymax>
		</bndbox>
	</object>
</annotation>