<annotation>
	<folder>c1bec4ce94462c9cfaa2b5095f334701</folder>
	<filename>pexels-jarlin-aldana-12918962.jpeg</filename>
	<path>c1bec4ce94462c9cfaa2b5095f334701/pexels-jarlin-aldana-12918962.jpeg</path>
	<source>
		<database>datature.io</database>
	</source>
	<size>
		<width>640</width>
		<height>874</height>
		<depth>3</depth>
	</size>
	<segmented>0</segmented>
	<object>
		<name>Person</name>
		<pose>Unspecified</pose>
		<truncated>0</truncated>
		<difficult>0</difficult>
		<bndbox>
			<xmin>192.0</xmin>
			<ymin>272.0</ymin>
			<xmax>440.0</xmax>
			<ymax>790.0</ymax>
		</bndbox>
	</object>
</annotation>