<annotation>
	<folder>c1bec4ce94462c9cfaa2b5095f334701</folder>
	<filename>pexels-tom-shamberger-5924054.jpeg</filename>
	<path>c1bec4ce94462c9cfaa2b5095f334701/pexels-tom-shamberger-5924054.jpeg</path>
	<source>
		<database>datature.io</database>
	</source>
	<size>
		<width>640</width>
		<height>480</height>
		<depth>3</depth>
	</size>
	<segmented>0</segmented>
	<object>
		<name>Person</name>
		<pose>Unspecified</pose>
		<truncated>0</truncated>
		<difficult>0</difficult>
		<bndbox>
			<xmin>500.0</xmin>
			<ymin>218.0</ymin>
			<xmax>574.0</xmax>
			<ymax>403.0</ymax>
		</bndbox>
	</object>
</annotation>