<annotation>
	<folder>c1bec4ce94462c9cfaa2b5095f334701</folder>
	<filename>pexels-emmanuella-omonigho-8710310.jpeg</filename>
	<path>c1bec4ce94462c9cfaa2b5095f334701/pexels-emmanuella-omonigho-8710310.jpeg</path>
	<source>
		<database>datature.io</database>
	</source>
	<size>
		<width>640</width>
		<height>965</height>
		<depth>3</depth>
	</size>
	<segmented>0</segmented>
	<object>
		<name>Person</name>
		<pose>Unspecified</pose>
		<truncated>0</truncated>
		<difficult>0</difficult>
		<bndbox>
			<xmin>209.0</xmin>
			<ymin>368.0</ymin>
			<xmax>388.0</xmax>
			<ymax>777.0</ymax>
		</bndbox>
	</object>
</annotation>