<annotation>
	<folder>c1bec4ce94462c9cfaa2b5095f334701</folder>
	<filename>pexels-jaycees-13710843.jpeg</filename>
	<path>c1bec4ce94462c9cfaa2b5095f334701/pexels-jaycees-13710843.jpeg</path>
	<source>
		<database>datature.io</database>
	</source>
	<size>
		<width>640</width>
		<height>960</height>
		<depth>3</depth>
	</size>
	<segmented>0</segmented>
	<object>
		<name>Masked</name>
		<pose>Unspecified</pose>
		<truncated>0</truncated>
		<difficult>0</difficult>
		<bndbox>
			<xmin>123.0</xmin>
			<ymin>143.0</ymin>
			<xmax>636.0</xmax>
			<ymax>950.0</ymax>
		</bndbox>
	</object>
</annotation>