<annotation>
	<folder>c1bec4ce94462c9cfaa2b5095f334701</folder>
	<filename>pexels-alena-darmel-6643598.jpeg</filename>
	<path>c1bec4ce94462c9cfaa2b5095f334701/pexels-alena-darmel-6643598.jpeg</path>
	<source>
		<database>datature.io</database>
	</source>
	<size>
		<width>640</width>
		<height>960</height>
		<depth>3</depth>
	</size>
	<segmented>0</segmented>
	<object>
		<name>Person</name>
		<pose>Unspecified</pose>
		<truncated>0</truncated>
		<difficult>0</difficult>
		<bndbox>
			<xmin>50.0</xmin>
			<ymin>175.0</ymin>
			<xmax>525.0</xmax>
			<ymax>896.0</ymax>
		</bndbox>
	</object>
</annotation>