<annotation>
	<folder>c1bec4ce94462c9cfaa2b5095f334701</folder>
	<filename>prashant-c-9WJguTPj_kM-unsplash.jpeg</filename>
	<path>c1bec4ce94462c9cfaa2b5095f334701/prashant-c-9WJguTPj_kM-unsplash.jpeg</path>
	<source>
		<database>datature.io</database>
	</source>
	<size>
		<width>640</width>
		<height>425</height>
		<depth>3</depth>
	</size>
	<segmented>0</segmented>
	<object>
		<name>Masked</name>
		<pose>Unspecified</pose>
		<truncated>0</truncated>
		<difficult>0</difficult>
		<bndbox>
			<xmin>169.0</xmin>
			<ymin>104.0</ymin>
			<xmax>488.0</xmax>
			<ymax>425.0</ymax>
		</bndbox>
	</object>
</annotation>