<annotation>
	<folder>c1bec4ce94462c9cfaa2b5095f334701</folder>
	<filename>rafael-silva-fc2Q2DKBCYY-unsplash.jpeg</filename>
	<path>c1bec4ce94462c9cfaa2b5095f334701/rafael-silva-fc2Q2DKBCYY-unsplash.jpeg</path>
	<source>
		<database>datature.io</database>
	</source>
	<size>
		<width>640</width>
		<height>427</height>
		<depth>3</depth>
	</size>
	<segmented>0</segmented>
	<object>
		<name>Person</name>
		<pose>Unspecified</pose>
		<truncated>0</truncated>
		<difficult>0</difficult>
		<bndbox>
			<xmin>136.0</xmin>
			<ymin>46.0</ymin>
			<xmax>501.0</xmax>
			<ymax>425.0</ymax>
		</bndbox>
	</object>
</annotation>