<annotation>
	<folder>c1bec4ce94462c9cfaa2b5095f334701</folder>
	<filename>rene-ranisch-5FH0AQfVEG0-unsplash.jpeg</filename>
	<path>c1bec4ce94462c9cfaa2b5095f334701/rene-ranisch-5FH0AQfVEG0-unsplash.jpeg</path>
	<source>
		<database>datature.io</database>
	</source>
	<size>
		<width>640</width>
		<height>960</height>
		<depth>3</depth>
	</size>
	<segmented>0</segmented>
	<object>
		<name>Person</name>
		<pose>Unspecified</pose>
		<truncated>0</truncated>
		<difficult>0</difficult>
		<bndbox>
			<xmin>382.0</xmin>
			<ymin>307.0</ymin>
			<xmax>574.0</xmax>
			<ymax>801.0</ymax>
		</bndbox>
	</object>
	<object>
		<name>Person</name>
		<pose>Unspecified</pose>
		<truncated>0</truncated>
		<difficult>0</difficult>
		<bndbox>
			<xmin>200.0</xmin>
			<ymin>357.0</ymin>
			<xmax>326.0</xmax>
			<ymax>749.0</ymax>
		</bndbox>
	</object>
	<object>
		<name>Person</name>
		<pose>Unspecified</pose>
		<truncated>0</truncated>
		<difficult>0</difficult>
		<bndbox>
			<xmin>105.0</xmin>
			<ymin>405.0</ymin>
			<xmax>194.0</xmax>
			<ymax>693.0</ymax>
		</bndbox>
	</object>
</annotation>