<annotation>
	<folder>c1bec4ce94462c9cfaa2b5095f334701</folder>
	<filename>rochelle-brown-OOrrYFUVfdk-unsplash.jpeg</filename>
	<path>c1bec4ce94462c9cfaa2b5095f334701/rochelle-brown-OOrrYFUVfdk-unsplash.jpeg</path>
	<source>
		<database>datature.io</database>
	</source>
	<size>
		<width>640</width>
		<height>361</height>
		<depth>3</depth>
	</size>
	<segmented>0</segmented>
	<object>
		<name>Person</name>
		<pose>Unspecified</pose>
		<truncated>0</truncated>
		<difficult>0</difficult>
		<bndbox>
			<xmin>280.0</xmin>
			<ymin>39.0</ymin>
			<xmax>508.0</xmax>
			<ymax>359.0</ymax>
		</bndbox>
	</object>
	<object>
		<name>Person</name>
		<pose>Unspecified</pose>
		<truncated>0</truncated>
		<difficult>0</difficult>
		<bndbox>
			<xmin>513.0</xmin>
			<ymin>118.0</ymin>
			<xmax>563.0</xmax>
			<ymax>335.0</ymax>
		</bndbox>
	</object>
	<object>
		<name>Person</name>
		<pose>Unspecified</pose>
		<truncated>0</truncated>
		<difficult>0</difficult>
		<bndbox>
			<xmin>567.0</xmin>
			<ymin>90.0</ymin>
			<xmax>640</xmax>
			<ymax>354.0</ymax>
		</bndbox>
	</object>
	<object>
		<name>Masked</name>
		<pose>Unspecified</pose>
		<truncated>0</truncated>
		<difficult>0</difficult>
		<bndbox>
			<xmin>0</xmin>
			<ymin>115.0</ymin>
			<xmax>252.0</xmax>
			<ymax>359.0</ymax>
		</bndbox>
	</object>
</annotation>