<annotation>
	<folder>c1bec4ce94462c9cfaa2b5095f334701</folder>
	<filename>tam-wai-nx9LpzQBf9Q-unsplash.jpeg</filename>
	<path>c1bec4ce94462c9cfaa2b5095f334701/tam-wai-nx9LpzQBf9Q-unsplash.jpeg</path>
	<source>
		<database>datature.io</database>
	</source>
	<size>
		<width>640</width>
		<height>1014</height>
		<depth>3</depth>
	</size>
	<segmented>0</segmented>
	<object>
		<name>Masked</name>
		<pose>Unspecified</pose>
		<truncated>0</truncated>
		<difficult>0</difficult>
		<bndbox>
			<xmin>162.0</xmin>
			<ymin>663.0</ymin>
			<xmax>568.0</xmax>
			<ymax>1005.0</ymax>
		</bndbox>
	</object>
</annotation>