<annotation>
	<folder>c1bec4ce94462c9cfaa2b5095f334701</folder>
	<filename>taylor-Xqb7GmV_VoQ-unsplash.jpeg</filename>
	<path>c1bec4ce94462c9cfaa2b5095f334701/taylor-Xqb7GmV_VoQ-unsplash.jpeg</path>
	<source>
		<database>datature.io</database>
	</source>
	<size>
		<width>640</width>
		<height>800</height>
		<depth>3</depth>
	</size>
	<segmented>0</segmented>
	<object>
		<name>Person</name>
		<pose>Unspecified</pose>
		<truncated>0</truncated>
		<difficult>0</difficult>
		<bndbox>
			<xmin>61.0</xmin>
			<ymin>27.0</ymin>
			<xmax>552.0</xmax>
			<ymax>800</ymax>
		</bndbox>
	</object>
</annotation>