<annotation>
	<folder>c1bec4ce94462c9cfaa2b5095f334701</folder>
	<filename>toa-heftiba-E9B0JN25RRo-unsplash.jpeg</filename>
	<path>c1bec4ce94462c9cfaa2b5095f334701/toa-heftiba-E9B0JN25RRo-unsplash.jpeg</path>
	<source>
		<database>datature.io</database>
	</source>
	<size>
		<width>640</width>
		<height>427</height>
		<depth>3</depth>
	</size>
	<segmented>0</segmented>
	<object>
		<name>Masked</name>
		<pose>Unspecified</pose>
		<truncated>0</truncated>
		<difficult>0</difficult>
		<bndbox>
			<xmin>102.0</xmin>
			<ymin>54.0</ymin>
			<xmax>514.0</xmax>
			<ymax>426.0</ymax>
		</bndbox>
	</object>
</annotation>