<annotation>
	<folder>c1bec4ce94462c9cfaa2b5095f334701</folder>
	<filename>victor-he-px9z5Zijwo8-unsplash.jpeg</filename>
	<path>c1bec4ce94462c9cfaa2b5095f334701/victor-he-px9z5Zijwo8-unsplash.jpeg</path>
	<source>
		<database>datature.io</database>
	</source>
	<size>
		<width>640</width>
		<height>425</height>
		<depth>3</depth>
	</size>
	<segmented>0</segmented>
	<object>
		<name>Masked</name>
		<pose>Unspecified</pose>
		<truncated>0</truncated>
		<difficult>0</difficult>
		<bndbox>
			<xmin>503.0</xmin>
			<ymin>115.0</ymin>
			<xmax>626.0</xmax>
			<ymax>424.0</ymax>
		</bndbox>
	</object>
	<object>
		<name>Masked</name>
		<pose>Unspecified</pose>
		<truncated>0</truncated>
		<difficult>0</difficult>
		<bndbox>
			<xmin>349.0</xmin>
			<ymin>93.0</ymin>
			<xmax>495.0</xmax>
			<ymax>425.0</ymax>
		</bndbox>
	</object>
</annotation>