<annotation>
	<folder>c1bec4ce94462c9cfaa2b5095f334701</folder>
	<filename>aditya-saxena-01R4fryNgUM-unsplash.jpeg</filename>
	<path>c1bec4ce94462c9cfaa2b5095f334701/aditya-saxena-01R4fryNgUM-unsplash.jpeg</path>
	<source>
		<database>datature.io</database>
	</source>
	<size>
		<width>640</width>
		<height>1005</height>
		<depth>3</depth>
	</size>
	<segmented>0</segmented>
	<object>
		<name>Criminal</name>
		<pose>Unspecified</pose>
		<truncated>0</truncated>
		<difficult>0</difficult>
		<bndbox>
			<xmin>3.0</xmin>
			<ymin>44.0</ymin>
			<xmax>632.0</xmax>
			<ymax>998.0</ymax>
		</bndbox>
	</object>
</annotation>