<annotation>
	<folder>c1bec4ce94462c9cfaa2b5095f334701</folder>
	<filename>courtney-cook-Q1T4XGEXIgw-unsplash.jpeg</filename>
	<path>c1bec4ce94462c9cfaa2b5095f334701/courtney-cook-Q1T4XGEXIgw-unsplash.jpeg</path>
	<source>
		<database>datature.io</database>
	</source>
	<size>
		<width>640</width>
		<height>960</height>
		<depth>3</depth>
	</size>
	<segmented>0</segmented>
	<object>
		<name>Person</name>
		<pose>Unspecified</pose>
		<truncated>0</truncated>
		<difficult>0</difficult>
		<bndbox>
			<xmin>243.0</xmin>
			<ymin>404.0</ymin>
			<xmax>471.0</xmax>
			<ymax>889.0</ymax>
		</bndbox>
	</object>
	<object>
		<name>Person</name>
		<pose>Unspecified</pose>
		<truncated>0</truncated>
		<difficult>0</difficult>
		<bndbox>
			<xmin>352.0</xmin>
			<ymin>467.0</ymin>
			<xmax>388.0</xmax>
			<ymax>610.0</ymax>
		</bndbox>
	</object>
	<object>
		<name>Person</name>
		<pose>Unspecified</pose>
		<truncated>0</truncated>
		<difficult>0</difficult>
		<bndbox>
			<xmin>389.0</xmin>
			<ymin>478.0</ymin>
			<xmax>421.0</xmax>
			<ymax>590.0</ymax>
		</bndbox>
	</object>
	<object>
		<name>Person</name>
		<pose>Unspecified</pose>
		<truncated>0</truncated>
		<difficult>0</difficult>
		<bndbox>
			<xmin>394.0</xmin>
			<ymin>478.0</ymin>
			<xmax>427.0</xmax>
			<ymax>603.0</ymax>
		</bndbox>
	</object>
	<object>
		<name>Person</name>
		<pose>Unspecified</pose>
		<truncated>0</truncated>
		<difficult>0</difficult>
		<bndbox>
			<xmin>209.0</xmin>
			<ymin>477.0</ymin>
			<xmax>243.0</xmax>
			<ymax>598.0</ymax>
		</bndbox>
	</object>
	<object>
		<name>Person</name>
		<pose>Unspecified</pose>
		<truncated>0</truncated>
		<difficult>0</difficult>
		<bndbox>
			<xmin>242.0</xmin>
			<ymin>489.0</ymin>
			<xmax>283.0</xmax>
			<ymax>605.0</ymax>
		</bndbox>
	</object>
</annotation>