<annotation>
	<folder>c1bec4ce94462c9cfaa2b5095f334701</folder>
	<filename>dave-spiess-QevEgXYHpzs-unsplash.jpeg</filename>
	<path>c1bec4ce94462c9cfaa2b5095f334701/dave-spiess-QevEgXYHpzs-unsplash.jpeg</path>
	<source>
		<database>datature.io</database>
	</source>
	<size>
		<width>640</width>
		<height>962</height>
		<depth>3</depth>
	</size>
	<segmented>0</segmented>
	<object>
		<name>Criminal</name>
		<pose>Unspecified</pose>
		<truncated>0</truncated>
		<difficult>0</difficult>
		<bndbox>
			<xmin>2.0</xmin>
			<ymin>291.0</ymin>
			<xmax>300.0</xmax>
			<ymax>962</ymax>
		</bndbox>
	</object>
	<object>
		<name>Criminal</name>
		<pose>Unspecified</pose>
		<truncated>0</truncated>
		<difficult>0</difficult>
		<bndbox>
			<xmin>306.0</xmin>
			<ymin>309.0</ymin>
			<xmax>639.0</xmax>
			<ymax>955.0</ymax>
		</bndbox>
	</object>
</annotation>