<annotation>
	<folder>c1bec4ce94462c9cfaa2b5095f334701</folder>
	<filename>invadingkingdom-ppmi6Jf6CAo-unsplash.jpeg</filename>
	<path>c1bec4ce94462c9cfaa2b5095f334701/invadingkingdom-ppmi6Jf6CAo-unsplash.jpeg</path>
	<source>
		<database>datature.io</database>
	</source>
	<size>
		<width>640</width>
		<height>853</height>
		<depth>3</depth>
	</size>
	<segmented>0</segmented>
	<object>
		<name>Criminal</name>
		<pose>Unspecified</pose>
		<truncated>0</truncated>
		<difficult>0</difficult>
		<bndbox>
			<xmin>48.0</xmin>
			<ymin>75.0</ymin>
			<xmax>640.0</xmax>
			<ymax>853</ymax>
		</bndbox>
	</object>
</annotation>