<annotation>
	<folder>c1bec4ce94462c9cfaa2b5095f334701</folder>
	<filename>julian-wan-DWaC44FUV5o-unsplash.jpeg</filename>
	<path>c1bec4ce94462c9cfaa2b5095f334701/julian-wan-DWaC44FUV5o-unsplash.jpeg</path>
	<source>
		<database>datature.io</database>
	</source>
	<size>
		<width>640</width>
		<height>427</height>
		<depth>3</depth>
	</size>
	<segmented>0</segmented>
	<object>
		<name>Criminal</name>
		<pose>Unspecified</pose>
		<truncated>0</truncated>
		<difficult>0</difficult>
		<bndbox>
			<xmin>7.0</xmin>
			<ymin>26.0</ymin>
			<xmax>342.0</xmax>
			<ymax>426.0</ymax>
		</bndbox>
	</object>
	<object>
		<name>Criminal</name>
		<pose>Unspecified</pose>
		<truncated>0</truncated>
		<difficult>0</difficult>
		<bndbox>
			<xmin>316.0</xmin>
			<ymin>177.0</ymin>
			<xmax>498.0</xmax>
			<ymax>426.0</ymax>
		</bndbox>
	</object>
</annotation>