<annotation>
	<folder>c1bec4ce94462c9cfaa2b5095f334701</folder>
	<filename>jusdevoyage-U0WxZpozZtA-unsplash.jpeg</filename>
	<path>c1bec4ce94462c9cfaa2b5095f334701/jusdevoyage-U0WxZpozZtA-unsplash.jpeg</path>
	<source>
		<database>datature.io</database>
	</source>
	<size>
		<width>640</width>
		<height>1010</height>
		<depth>3</depth>
	</size>
	<segmented>0</segmented>
	<object>
		<name>Criminal</name>
		<pose>Unspecified</pose>
		<truncated>0</truncated>
		<difficult>0</difficult>
		<bndbox>
			<xmin>132.0</xmin>
			<ymin>20.0</ymin>
			<xmax>533.0</xmax>
			<ymax>599.0</ymax>
		</bndbox>
	</object>
</annotation>