<annotation>
	<folder>c1bec4ce94462c9cfaa2b5095f334701</folder>
	<filename>katie-gerrard-TuZ4Tbq9sWk-unsplash.jpeg</filename>
	<path>c1bec4ce94462c9cfaa2b5095f334701/katie-gerrard-TuZ4Tbq9sWk-unsplash.jpeg</path>
	<source>
		<database>datature.io</database>
	</source>
	<size>
		<width>640</width>
		<height>430</height>
		<depth>3</depth>
	</size>
	<segmented>0</segmented>
	<object>
		<name>Person</name>
		<pose>Unspecified</pose>
		<truncated>0</truncated>
		<difficult>0</difficult>
		<bndbox>
			<xmin>222.0</xmin>
			<ymin>1.0</ymin>
			<xmax>637.0</xmax>
			<ymax>428.0</ymax>
		</bndbox>
	</object>
</annotation>