<annotation>
	<folder>c1bec4ce94462c9cfaa2b5095f334701</folder>
	<filename>ke-atlas-QGUcYqxZfDE-unsplash.jpeg</filename>
	<path>c1bec4ce94462c9cfaa2b5095f334701/ke-atlas-QGUcYqxZfDE-unsplash.jpeg</path>
	<source>
		<database>datature.io</database>
	</source>
	<size>
		<width>640</width>
		<height>427</height>
		<depth>3</depth>
	</size>
	<segmented>0</segmented>
	<object>
		<name>Person</name>
		<pose>Unspecified</pose>
		<truncated>0</truncated>
		<difficult>0</difficult>
		<bndbox>
			<xmin>138.0</xmin>
			<ymin>291.0</ymin>
			<xmax>218.0</xmax>
			<ymax>427.0</ymax>
		</bndbox>
	</object>
	<object>
		<name>Person</name>
		<pose>Unspecified</pose>
		<truncated>0</truncated>
		<difficult>0</difficult>
		<bndbox>
			<xmin>395.0</xmin>
			<ymin>284.0</ymin>
			<xmax>454.0</xmax>
			<ymax>426.0</ymax>
		</bndbox>
	</object>
	<object>
		<name>Person</name>
		<pose>Unspecified</pose>
		<truncated>0</truncated>
		<difficult>0</difficult>
		<bndbox>
			<xmin>251.0</xmin>
			<ymin>183.0</ymin>
			<xmax>386.0</xmax>
			<ymax>324.0</ymax>
		</bndbox>
	</object>
	<object>
		<name>Person</name>
		<pose>Unspecified</pose>
		<truncated>0</truncated>
		<difficult>0</difficult>
		<bndbox>
			<xmin>2.0</xmin>
			<ymin>167.0</ymin>
			<xmax>60.0</xmax>
			<ymax>302.0</ymax>
		</bndbox>
	</object>
	<object>
		<name>Person</name>
		<pose>Unspecified</pose>
		<truncated>0</truncated>
		<difficult>0</difficult>
		<bndbox>
			<xmin>471.0</xmin>
			<ymin>265.0</ymin>
			<xmax>583.0</xmax>
			<ymax>426.0</ymax>
		</bndbox>
	</object>
	<object>
		<name>Person</name>
		<pose>Unspecified</pose>
		<truncated>0</truncated>
		<difficult>0</difficult>
		<bndbox>
			<xmin>66.0</xmin>
			<ymin>196.0</ymin>
			<xmax>126.0</xmax>
			<ymax>312.0</ymax>
		</bndbox>
	</object>
</annotation>