<annotation>
	<folder>c1bec4ce94462c9cfaa2b5095f334701</folder>
	<filename>mayan-sachan-Avq1-N9SXZw-unsplash.jpeg</filename>
	<path>c1bec4ce94462c9cfaa2b5095f334701/mayan-sachan-Avq1-N9SXZw-unsplash.jpeg</path>
	<source>
		<database>datature.io</database>
	</source>
	<size>
		<width>640</width>
		<height>800</height>
		<depth>3</depth>
	</size>
	<segmented>0</segmented>
	<object>
		<name>Criminal</name>
		<pose>Unspecified</pose>
		<truncated>0</truncated>
		<difficult>0</difficult>
		<bndbox>
			<xmin>103.0</xmin>
			<ymin>224.0</ymin>
			<xmax>522.0</xmax>
			<ymax>799.0</ymax>
		</bndbox>
	</object>
</annotation>