<annotation>
	<folder>c1bec4ce94462c9cfaa2b5095f334701</folder>
	<filename>pavel-anoshin-IxW2erjGO7U-unsplash.jpeg</filename>
	<path>c1bec4ce94462c9cfaa2b5095f334701/pavel-anoshin-IxW2erjGO7U-unsplash.jpeg</path>
	<source>
		<database>datature.io</database>
	</source>
	<size>
		<width>640</width>
		<height>916</height>
		<depth>3</depth>
	</size>
	<segmented>0</segmented>
	<object>
		<name>Criminal</name>
		<pose>Unspecified</pose>
		<truncated>0</truncated>
		<difficult>0</difficult>
		<bndbox>
			<xmin>14.0</xmin>
			<ymin>128.0</ymin>
			<xmax>598.0</xmax>
			<ymax>915.0</ymax>
		</bndbox>
	</object>
</annotation>