<annotation>
	<folder>c1bec4ce94462c9cfaa2b5095f334701</folder>
	<filename>Robbery102_x264_1180.png</filename>
	<path>c1bec4ce94462c9cfaa2b5095f334701/Robbery102_x264_1180.png</path>
	<source>
		<database>datature.io</database>
	</source>
	<size>
		<width>64</width>
		<height>64</height>
		<depth>3</depth>
	</size>
	<segmented>0</segmented>
	<object>
		<name>Person</name>
		<pose>Unspecified</pose>
		<truncated>0</truncated>
		<difficult>0</difficult>
		<bndbox>
			<xmin>44.0</xmin>
			<ymin>29.0</ymin>
			<xmax>53.0</xmax>
			<ymax>52.0</ymax>
		</bndbox>
	</object>
	<object>
		<name>Criminal</name>
		<pose>Unspecified</pose>
		<truncated>0</truncated>
		<difficult>0</difficult>
		<bndbox>
			<xmin>35.0</xmin>
			<ymin>23.0</ymin>
			<xmax>42.0</xmax>
			<ymax>47.0</ymax>
		</bndbox>
	</object>
</annotation>