<annotation>
	<folder>c1bec4ce94462c9cfaa2b5095f334701</folder>
	<filename>ryoji-iwata-2OalKAckLvU-unsplash.jpeg</filename>
	<path>c1bec4ce94462c9cfaa2b5095f334701/ryoji-iwata-2OalKAckLvU-unsplash.jpeg</path>
	<source>
		<database>datature.io</database>
	</source>
	<size>
		<width>640</width>
		<height>960</height>
		<depth>3</depth>
	</size>
	<segmented>0</segmented>
	<object>
		<name>Person</name>
		<pose>Unspecified</pose>
		<truncated>0</truncated>
		<difficult>0</difficult>
		<bndbox>
			<xmin>312.0</xmin>
			<ymin>287.0</ymin>
			<xmax>416.0</xmax>
			<ymax>507.0</ymax>
		</bndbox>
	</object>
	<object>
		<name>Person</name>
		<pose>Unspecified</pose>
		<truncated>0</truncated>
		<difficult>0</difficult>
		<bndbox>
			<xmin>212.0</xmin>
			<ymin>461.0</ymin>
			<xmax>336.0</xmax>
			<ymax>681.0</ymax>
		</bndbox>
	</object>
</annotation>