<annotation>
	<folder>c1bec4ce94462c9cfaa2b5095f334701</folder>
	<filename>dan-kirk-formentera-lfed41fcraM-unsplash.jpeg</filename>
	<path>c1bec4ce94462c9cfaa2b5095f334701/dan-kirk-formentera-lfed41fcraM-unsplash.jpeg</path>
	<source>
		<database>datature.io</database>
	</source>
	<size>
		<width>640</width>
		<height>960</height>
		<depth>3</depth>
	</size>
	<segmented>0</segmented>
	<object>
		<name>Criminal</name>
		<pose>Unspecified</pose>
		<truncated>0</truncated>
		<difficult>0</difficult>
		<bndbox>
			<xmin>221.0</xmin>
			<ymin>377.0</ymin>
			<xmax>404.0</xmax>
			<ymax>846.0</ymax>
		</bndbox>
	</object>
</annotation>