<annotation>
	<folder>c1bec4ce94462c9cfaa2b5095f334701</folder>
	<filename>alex-geerts-_4CqNN233S0-unsplash.jpeg</filename>
	<path>c1bec4ce94462c9cfaa2b5095f334701/alex-geerts-_4CqNN233S0-unsplash.jpeg</path>
	<source>
		<database>datature.io</database>
	</source>
	<size>
		<width>640</width>
		<height>427</height>
		<depth>3</depth>
	</size>
	<segmented>0</segmented>
	<object>
		<name>Person</name>
		<pose>Unspecified</pose>
		<truncated>0</truncated>
		<difficult>0</difficult>
		<bndbox>
			<xmin>231.0</xmin>
			<ymin>164.0</ymin>
			<xmax>315.0</xmax>
			<ymax>295.0</ymax>
		</bndbox>
	</object>
</annotation>