<annotation>
	<folder>c1bec4ce94462c9cfaa2b5095f334701</folder>
	<filename>brooke-cagle-ZuQnhpFjvHI-unsplash.jpeg</filename>
	<path>c1bec4ce94462c9cfaa2b5095f334701/brooke-cagle-ZuQnhpFjvHI-unsplash.jpeg</path>
	<source>
		<database>datature.io</database>
	</source>
	<size>
		<width>640</width>
		<height>427</height>
		<depth>3</depth>
	</size>
	<segmented>0</segmented>
	<object>
		<name>Criminal</name>
		<pose>Unspecified</pose>
		<truncated>0</truncated>
		<difficult>0</difficult>
		<bndbox>
			<xmin>97.0</xmin>
			<ymin>72.0</ymin>
			<xmax>529.0</xmax>
			<ymax>423.0</ymax>
		</bndbox>
	</object>
</annotation>