<annotation>
	<folder>c1bec4ce94462c9cfaa2b5095f334701</folder>
	<filename>cesar-carlevarino-aragon-_Fjs3ta3pAI-unsplash.jpeg</filename>
	<path>c1bec4ce94462c9cfaa2b5095f334701/cesar-carlevarino-aragon-_Fjs3ta3pAI-unsplash.jpeg</path>
	<source>
		<database>datature.io</database>
	</source>
	<size>
		<width>640</width>
		<height>427</height>
		<depth>3</depth>
	</size>
	<segmented>0</segmented>
	<object>
		<name>Person</name>
		<pose>Unspecified</pose>
		<truncated>0</truncated>
		<difficult>0</difficult>
		<bndbox>
			<xmin>428.0</xmin>
			<ymin>223.0</ymin>
			<xmax>528.0</xmax>
			<ymax>416.0</ymax>
		</bndbox>
	</object>
	<object>
		<name>Person</name>
		<pose>Unspecified</pose>
		<truncated>0</truncated>
		<difficult>0</difficult>
		<bndbox>
			<xmin>1.0</xmin>
			<ymin>188.0</ymin>
			<xmax>101.0</xmax>
			<ymax>422.0</ymax>
		</bndbox>
	</object>
	<object>
		<name>Person</name>
		<pose>Unspecified</pose>
		<truncated>0</truncated>
		<difficult>0</difficult>
		<bndbox>
			<xmin>173.0</xmin>
			<ymin>239.0</ymin>
			<xmax>267.0</xmax>
			<ymax>413.0</ymax>
		</bndbox>
	</object>
	<object>
		<name>Person</name>
		<pose>Unspecified</pose>
		<truncated>0</truncated>
		<difficult>0</difficult>
		<bndbox>
			<xmin>416.0</xmin>
			<ymin>204.0</ymin>
			<xmax>440.0</xmax>
			<ymax>228.0</ymax>
		</bndbox>
	</object>
	<object>
		<name>Person</name>
		<pose>Unspecified</pose>
		<truncated>0</truncated>
		<difficult>0</difficult>
		<bndbox>
			<xmin>382.0</xmin>
			<ymin>228.0</ymin>
			<xmax>435.0</xmax>
			<ymax>419.0</ymax>
		</bndbox>
	</object>
	<object>
		<name>Person</name>
		<pose>Unspecified</pose>
		<truncated>0</truncated>
		<difficult>0</difficult>
		<bndbox>
			<xmin>63.0</xmin>
			<ymin>204.0</ymin>
			<xmax>113.0</xmax>
			<ymax>265.0</ymax>
		</bndbox>
	</object>
	<object>
		<name>Person</name>
		<pose>Unspecified</pose>
		<truncated>0</truncated>
		<difficult>0</difficult>
		<bndbox>
			<xmin>362.0</xmin>
			<ymin>219.0</ymin>
			<xmax>394.0</xmax>
			<ymax>291.0</ymax>
		</bndbox>
	</object>
	<object>
		<name>Person</name>
		<pose>Unspecified</pose>
		<truncated>0</truncated>
		<difficult>0</difficult>
		<bndbox>
			<xmin>295.0</xmin>
			<ymin>212.0</ymin>
			<xmax>360.0</xmax>
			<ymax>407.0</ymax>
		</bndbox>
	</object>
</annotation>