<annotation>
	<folder>c1bec4ce94462c9cfaa2b5095f334701</folder>
	<filename>diane-picchiottino-4Tb_S02SZLE-unsplash.jpeg</filename>
	<path>c1bec4ce94462c9cfaa2b5095f334701/diane-picchiottino-4Tb_S02SZLE-unsplash.jpeg</path>
	<source>
		<database>datature.io</database>
	</source>
	<size>
		<width>640</width>
		<height>427</height>
		<depth>3</depth>
	</size>
	<segmented>0</segmented>
	<object>
		<name>Criminal</name>
		<pose>Unspecified</pose>
		<truncated>0</truncated>
		<difficult>0</difficult>
		<bndbox>
			<xmin>37.0</xmin>
			<ymin>18.0</ymin>
			<xmax>343.0</xmax>
			<ymax>427</ymax>
		</bndbox>
	</object>
</annotation>