<annotation>
	<folder>c1bec4ce94462c9cfaa2b5095f334701</folder>
	<filename>drew-risner-P0I0swNcF3A-unsplash.jpeg</filename>
	<path>c1bec4ce94462c9cfaa2b5095f334701/drew-risner-P0I0swNcF3A-unsplash.jpeg</path>
	<source>
		<database>datature.io</database>
	</source>
	<size>
		<width>640</width>
		<height>427</height>
		<depth>3</depth>
	</size>
	<segmented>0</segmented>
	<object>
		<name>Person</name>
		<pose>Unspecified</pose>
		<truncated>0</truncated>
		<difficult>0</difficult>
		<bndbox>
			<xmin>190.0</xmin>
			<ymin>41.0</ymin>
			<xmax>343.0</xmax>
			<ymax>427.0</ymax>
		</bndbox>
	</object>
	<object>
		<name>Person</name>
		<pose>Unspecified</pose>
		<truncated>0</truncated>
		<difficult>0</difficult>
		<bndbox>
			<xmin>353.0</xmin>
			<ymin>24.0</ymin>
			<xmax>484.0</xmax>
			<ymax>427.0</ymax>
		</bndbox>
	</object>
</annotation>