<annotation>
	<folder>c1bec4ce94462c9cfaa2b5095f334701</folder>
	<filename>ej-agumbay-XjeaxxcT0ug-unsplash.jpeg</filename>
	<path>c1bec4ce94462c9cfaa2b5095f334701/ej-agumbay-XjeaxxcT0ug-unsplash.jpeg</path>
	<source>
		<database>datature.io</database>
	</source>
	<size>
		<width>640</width>
		<height>427</height>
		<depth>3</depth>
	</size>
	<segmented>0</segmented>
	<object>
		<name>Person</name>
		<pose>Unspecified</pose>
		<truncated>0</truncated>
		<difficult>0</difficult>
		<bndbox>
			<xmin>151.0</xmin>
			<ymin>84.0</ymin>
			<xmax>442.0</xmax>
			<ymax>424.0</ymax>
		</bndbox>
	</object>
</annotation>