<annotation>
	<folder>c1bec4ce94462c9cfaa2b5095f334701</folder>
	<filename>frank-ching-dvNTwpdbPRc-unsplash.jpeg</filename>
	<path>c1bec4ce94462c9cfaa2b5095f334701/frank-ching-dvNTwpdbPRc-unsplash.jpeg</path>
	<source>
		<database>datature.io</database>
	</source>
	<size>
		<width>640</width>
		<height>962</height>
		<depth>3</depth>
	</size>
	<segmented>0</segmented>
	<object>
		<name>Person</name>
		<pose>Unspecified</pose>
		<truncated>0</truncated>
		<difficult>0</difficult>
		<bndbox>
			<xmin>148.0</xmin>
			<ymin>167.0</ymin>
			<xmax>510.0</xmax>
			<ymax>957.0</ymax>
		</bndbox>
	</object>
</annotation>