<annotation>
	<folder>c1bec4ce94462c9cfaa2b5095f334701</folder>
	<filename>jason-leung-qiOnwcSAAgs-unsplash.jpeg</filename>
	<path>c1bec4ce94462c9cfaa2b5095f334701/jason-leung-qiOnwcSAAgs-unsplash.jpeg</path>
	<source>
		<database>datature.io</database>
	</source>
	<size>
		<width>640</width>
		<height>960</height>
		<depth>3</depth>
	</size>
	<segmented>0</segmented>
	<object>
		<name>Criminal</name>
		<pose>Unspecified</pose>
		<truncated>0</truncated>
		<difficult>0</difficult>
		<bndbox>
			<xmin>0</xmin>
			<ymin>456.0</ymin>
			<xmax>154.0</xmax>
			<ymax>868.0</ymax>
		</bndbox>
	</object>
	<object>
		<name>Criminal</name>
		<pose>Unspecified</pose>
		<truncated>0</truncated>
		<difficult>0</difficult>
		<bndbox>
			<xmin>52.0</xmin>
			<ymin>481.0</ymin>
			<xmax>434.0</xmax>
			<ymax>953.0</ymax>
		</bndbox>
	</object>
</annotation>