<annotation>
	<folder>c1bec4ce94462c9cfaa2b5095f334701</folder>
	<filename>jason-leung-Ca4mCbB3nLQ-unsplash.jpeg</filename>
	<path>c1bec4ce94462c9cfaa2b5095f334701/jason-leung-Ca4mCbB3nLQ-unsplash.jpeg</path>
	<source>
		<database>datature.io</database>
	</source>
	<size>
		<width>640</width>
		<height>960</height>
		<depth>3</depth>
	</size>
	<segmented>0</segmented>
	<object>
		<name>Criminal</name>
		<pose>Unspecified</pose>
		<truncated>0</truncated>
		<difficult>0</difficult>
		<bndbox>
			<xmin>411.0</xmin>
			<ymin>306.0</ymin>
			<xmax>633.0</xmax>
			<ymax>956.0</ymax>
		</bndbox>
	</object>
	<object>
		<name>Criminal</name>
		<pose>Unspecified</pose>
		<truncated>0</truncated>
		<difficult>0</difficult>
		<bndbox>
			<xmin>231.0</xmin>
			<ymin>276.0</ymin>
			<xmax>398.0</xmax>
			<ymax>928.0</ymax>
		</bndbox>
	</object>
	<object>
		<name>Criminal</name>
		<pose>Unspecified</pose>
		<truncated>0</truncated>
		<difficult>0</difficult>
		<bndbox>
			<xmin>551.0</xmin>
			<ymin>259.0</ymin>
			<xmax>640</xmax>
			<ymax>451.0</ymax>
		</bndbox>
	</object>
	<object>
		<name>Criminal</name>
		<pose>Unspecified</pose>
		<truncated>0</truncated>
		<difficult>0</difficult>
		<bndbox>
			<xmin>0</xmin>
			<ymin>216.0</ymin>
			<xmax>177.0</xmax>
			<ymax>956.0</ymax>
		</bndbox>
	</object>
	<object>
		<name>Person</name>
		<pose>Unspecified</pose>
		<truncated>0</truncated>
		<difficult>0</difficult>
		<bndbox>
			<xmin>169.0</xmin>
			<ymin>264.0</ymin>
			<xmax>242.0</xmax>
			<ymax>433.0</ymax>
		</bndbox>
	</object>
</annotation>