<annotation>
	<folder>c1bec4ce94462c9cfaa2b5095f334701</folder>
	<filename>jessica-wilson-nx3N6enkY_k-unsplash.jpeg</filename>
	<path>c1bec4ce94462c9cfaa2b5095f334701/jessica-wilson-nx3N6enkY_k-unsplash.jpeg</path>
	<source>
		<database>datature.io</database>
	</source>
	<size>
		<width>640</width>
		<height>481</height>
		<depth>3</depth>
	</size>
	<segmented>0</segmented>
	<object>
		<name>Person</name>
		<pose>Unspecified</pose>
		<truncated>0</truncated>
		<difficult>0</difficult>
		<bndbox>
			<xmin>2.0</xmin>
			<ymin>180.0</ymin>
			<xmax>169.0</xmax>
			<ymax>478.0</ymax>
		</bndbox>
	</object>
	<object>
		<name>Person</name>
		<pose>Unspecified</pose>
		<truncated>0</truncated>
		<difficult>0</difficult>
		<bndbox>
			<xmin>171.0</xmin>
			<ymin>220.0</ymin>
			<xmax>369.0</xmax>
			<ymax>480.0</ymax>
		</bndbox>
	</object>
	<object>
		<name>Person</name>
		<pose>Unspecified</pose>
		<truncated>0</truncated>
		<difficult>0</difficult>
		<bndbox>
			<xmin>344.0</xmin>
			<ymin>131.0</ymin>
			<xmax>639.0</xmax>
			<ymax>478.0</ymax>
		</bndbox>
	</object>
	<object>
		<name>Person</name>
		<pose>Unspecified</pose>
		<truncated>0</truncated>
		<difficult>0</difficult>
		<bndbox>
			<xmin>98.0</xmin>
			<ymin>74.0</ymin>
			<xmax>287.0</xmax>
			<ymax>236.0</ymax>
		</bndbox>
	</object>
</annotation>