<annotation>
	<folder>c1bec4ce94462c9cfaa2b5095f334701</folder>
	<filename>josh-withers-rpOa2qzUhEQ-unsplash.jpeg</filename>
	<path>c1bec4ce94462c9cfaa2b5095f334701/josh-withers-rpOa2qzUhEQ-unsplash.jpeg</path>
	<source>
		<database>datature.io</database>
	</source>
	<size>
		<width>640</width>
		<height>960</height>
		<depth>3</depth>
	</size>
	<segmented>0</segmented>
	<object>
		<name>Criminal</name>
		<pose>Unspecified</pose>
		<truncated>0</truncated>
		<difficult>0</difficult>
		<bndbox>
			<xmin>6.0</xmin>
			<ymin>170.0</ymin>
			<xmax>640</xmax>
			<ymax>956.0</ymax>
		</bndbox>
	</object>
</annotation>