<annotation>
	<folder>c1bec4ce94462c9cfaa2b5095f334701</folder>
	<filename>joshua-fernandez-UX4ljKzOBVw-unsplash.jpeg</filename>
	<path>c1bec4ce94462c9cfaa2b5095f334701/joshua-fernandez-UX4ljKzOBVw-unsplash.jpeg</path>
	<source>
		<database>datature.io</database>
	</source>
	<size>
		<width>640</width>
		<height>481</height>
		<depth>3</depth>
	</size>
	<segmented>0</segmented>
	<object>
		<name>Criminal</name>
		<pose>Unspecified</pose>
		<truncated>0</truncated>
		<difficult>0</difficult>
		<bndbox>
			<xmin>318.0</xmin>
			<ymin>154.0</ymin>
			<xmax>437.0</xmax>
			<ymax>382.0</ymax>
		</bndbox>
	</object>
	<object>
		<name>Criminal</name>
		<pose>Unspecified</pose>
		<truncated>0</truncated>
		<difficult>0</difficult>
		<bndbox>
			<xmin>246.0</xmin>
			<ymin>148.0</ymin>
			<xmax>320.0</xmax>
			<ymax>246.0</ymax>
		</bndbox>
	</object>
	<object>
		<name>Criminal</name>
		<pose>Unspecified</pose>
		<truncated>0</truncated>
		<difficult>0</difficult>
		<bndbox>
			<xmin>532.0</xmin>
			<ymin>119.0</ymin>
			<xmax>640</xmax>
			<ymax>479.0</ymax>
		</bndbox>
	</object>
	<object>
		<name>Criminal</name>
		<pose>Unspecified</pose>
		<truncated>0</truncated>
		<difficult>0</difficult>
		<bndbox>
			<xmin>27.0</xmin>
			<ymin>147.0</ymin>
			<xmax>140.0</xmax>
			<ymax>377.0</ymax>
		</bndbox>
	</object>
</annotation>