<annotation>
	<folder>c1bec4ce94462c9cfaa2b5095f334701</folder>
	<filename>kseniia-ilinykh-KoCuyHVgzxc-unsplash.jpeg</filename>
	<path>c1bec4ce94462c9cfaa2b5095f334701/kseniia-ilinykh-KoCuyHVgzxc-unsplash.jpeg</path>
	<source>
		<database>datature.io</database>
	</source>
	<size>
		<width>640</width>
		<height>946</height>
		<depth>3</depth>
	</size>
	<segmented>0</segmented>
	<object>
		<name>Criminal</name>
		<pose>Unspecified</pose>
		<truncated>0</truncated>
		<difficult>0</difficult>
		<bndbox>
			<xmin>0</xmin>
			<ymin>185.0</ymin>
			<xmax>635.0</xmax>
			<ymax>945.0</ymax>
		</bndbox>
	</object>
</annotation>