<annotation>
	<folder>c1bec4ce94462c9cfaa2b5095f334701</folder>
	<filename>saarvendra-saarvendra-PE1Q1k-43co-unsplash.jpeg</filename>
	<path>c1bec4ce94462c9cfaa2b5095f334701/saarvendra-saarvendra-PE1Q1k-43co-unsplash.jpeg</path>
	<source>
		<database>datature.io</database>
	</source>
	<size>
		<width>640</width>
		<height>800</height>
		<depth>3</depth>
	</size>
	<segmented>0</segmented>
	<object>
		<name>Person</name>
		<pose>Unspecified</pose>
		<truncated>0</truncated>
		<difficult>0</difficult>
		<bndbox>
			<xmin>100.0</xmin>
			<ymin>34.0</ymin>
			<xmax>606.0</xmax>
			<ymax>791.0</ymax>
		</bndbox>
	</object>
</annotation>