<annotation>
	<folder>c1bec4ce94462c9cfaa2b5095f334701</folder>
	<filename>saksham-gangwar-YVgOh8w1R4s-unsplash.jpeg</filename>
	<path>c1bec4ce94462c9cfaa2b5095f334701/saksham-gangwar-YVgOh8w1R4s-unsplash.jpeg</path>
	<source>
		<database>datature.io</database>
	</source>
	<size>
		<width>640</width>
		<height>960</height>
		<depth>3</depth>
	</size>
	<segmented>0</segmented>
	<object>
		<name>Criminal</name>
		<pose>Unspecified</pose>
		<truncated>0</truncated>
		<difficult>0</difficult>
		<bndbox>
			<xmin>280.0</xmin>
			<ymin>597.0</ymin>
			<xmax>383.0</xmax>
			<ymax>846.0</ymax>
		</bndbox>
	</object>
	<object>
		<name>Criminal</name>
		<pose>Unspecified</pose>
		<truncated>0</truncated>
		<difficult>0</difficult>
		<bndbox>
			<xmin>401.0</xmin>
			<ymin>589.0</ymin>
			<xmax>501.0</xmax>
			<ymax>860.0</ymax>
		</bndbox>
	</object>
	<object>
		<name>Criminal</name>
		<pose>Unspecified</pose>
		<truncated>0</truncated>
		<difficult>0</difficult>
		<bndbox>
			<xmin>176.0</xmin>
			<ymin>596.0</ymin>
			<xmax>285.0</xmax>
			<ymax>851.0</ymax>
		</bndbox>
	</object>
	<object>
		<name>Criminal</name>
		<pose>Unspecified</pose>
		<truncated>0</truncated>
		<difficult>0</difficult>
		<bndbox>
			<xmin>85.0</xmin>
			<ymin>588.0</ymin>
			<xmax>182.0</xmax>
			<ymax>860.0</ymax>
		</bndbox>
	</object>
</annotation>