<annotation>
	<folder>c1bec4ce94462c9cfaa2b5095f334701</folder>
	<filename>saksham-gangwar-Nz3lIVJAPMs-unsplash.jpeg</filename>
	<path>c1bec4ce94462c9cfaa2b5095f334701/saksham-gangwar-Nz3lIVJAPMs-unsplash.jpeg</path>
	<source>
		<database>datature.io</database>
	</source>
	<size>
		<width>640</width>
		<height>440</height>
		<depth>3</depth>
	</size>
	<segmented>0</segmented>
	<object>
		<name>Person</name>
		<pose>Unspecified</pose>
		<truncated>0</truncated>
		<difficult>0</difficult>
		<bndbox>
			<xmin>264.0</xmin>
			<ymin>111.0</ymin>
			<xmax>371.0</xmax>
			<ymax>292.0</ymax>
		</bndbox>
	</object>
</annotation>