<annotation>
	<folder>c1bec4ce94462c9cfaa2b5095f334701</folder>
	<filename>shaojie-yjll5Pfe97E-unsplash.jpeg</filename>
	<path>c1bec4ce94462c9cfaa2b5095f334701/shaojie-yjll5Pfe97E-unsplash.jpeg</path>
	<source>
		<database>datature.io</database>
	</source>
	<size>
		<width>640</width>
		<height>960</height>
		<depth>3</depth>
	</size>
	<segmented>0</segmented>
	<object>
		<name>Person</name>
		<pose>Unspecified</pose>
		<truncated>0</truncated>
		<difficult>0</difficult>
		<bndbox>
			<xmin>268.0</xmin>
			<ymin>457.0</ymin>
			<xmax>337.0</xmax>
			<ymax>612.0</ymax>
		</bndbox>
	</object>
	<object>
		<name>Person</name>
		<pose>Unspecified</pose>
		<truncated>0</truncated>
		<difficult>0</difficult>
		<bndbox>
			<xmin>344.0</xmin>
			<ymin>452.0</ymin>
			<xmax>428.0</xmax>
			<ymax>612.0</ymax>
		</bndbox>
	</object>
</annotation>