<annotation>
	<folder>c1bec4ce94462c9cfaa2b5095f334701</folder>
	<filename>sinitta-leunen-d57TUi-56JQ-unsplash.jpeg</filename>
	<path>c1bec4ce94462c9cfaa2b5095f334701/sinitta-leunen-d57TUi-56JQ-unsplash.jpeg</path>
	<source>
		<database>datature.io</database>
	</source>
	<size>
		<width>640</width>
		<height>965</height>
		<depth>3</depth>
	</size>
	<segmented>0</segmented>
	<object>
		<name>Person</name>
		<pose>Unspecified</pose>
		<truncated>0</truncated>
		<difficult>0</difficult>
		<bndbox>
			<xmin>135.0</xmin>
			<ymin>208.0</ymin>
			<xmax>537.0</xmax>
			<ymax>960.0</ymax>
		</bndbox>
	</object>
</annotation>