<annotation>
	<folder>c1bec4ce94462c9cfaa2b5095f334701</folder>
	<filename>stormy-all-O3KEzY1bjeQ-unsplash.jpeg</filename>
	<path>c1bec4ce94462c9cfaa2b5095f334701/stormy-all-O3KEzY1bjeQ-unsplash.jpeg</path>
	<source>
		<database>datature.io</database>
	</source>
	<size>
		<width>640</width>
		<height>853</height>
		<depth>3</depth>
	</size>
	<segmented>0</segmented>
	<object>
		<name>Person</name>
		<pose>Unspecified</pose>
		<truncated>0</truncated>
		<difficult>0</difficult>
		<bndbox>
			<xmin>322.0</xmin>
			<ymin>201.0</ymin>
			<xmax>626.0</xmax>
			<ymax>852.0</ymax>
		</bndbox>
	</object>
	<object>
		<name>Person</name>
		<pose>Unspecified</pose>
		<truncated>0</truncated>
		<difficult>0</difficult>
		<bndbox>
			<xmin>91.0</xmin>
			<ymin>173.0</ymin>
			<xmax>396.0</xmax>
			<ymax>852.0</ymax>
		</bndbox>
	</object>
</annotation>