<annotation>
	<folder>c1bec4ce94462c9cfaa2b5095f334701</folder>
	<filename>thomas-de-luze-l-p8mZ-6h2Y-unsplash.jpeg</filename>
	<path>c1bec4ce94462c9cfaa2b5095f334701/thomas-de-luze-l-p8mZ-6h2Y-unsplash.jpeg</path>
	<source>
		<database>datature.io</database>
	</source>
	<size>
		<width>640</width>
		<height>960</height>
		<depth>3</depth>
	</size>
	<segmented>0</segmented>
	<object>
		<name>Criminal</name>
		<pose>Unspecified</pose>
		<truncated>0</truncated>
		<difficult>0</difficult>
		<bndbox>
			<xmin>0</xmin>
			<ymin>476.0</ymin>
			<xmax>95.0</xmax>
			<ymax>658.0</ymax>
		</bndbox>
	</object>
	<object>
		<name>Criminal</name>
		<pose>Unspecified</pose>
		<truncated>0</truncated>
		<difficult>0</difficult>
		<bndbox>
			<xmin>548.0</xmin>
			<ymin>285.0</ymin>
			<xmax>629.0</xmax>
			<ymax>357.0</ymax>
		</bndbox>
	</object>
	<object>
		<name>Criminal</name>
		<pose>Unspecified</pose>
		<truncated>0</truncated>
		<difficult>0</difficult>
		<bndbox>
			<xmin>235.0</xmin>
			<ymin>377.0</ymin>
			<xmax>316.0</xmax>
			<ymax>446.0</ymax>
		</bndbox>
	</object>
	<object>
		<name>Criminal</name>
		<pose>Unspecified</pose>
		<truncated>0</truncated>
		<difficult>0</difficult>
		<bndbox>
			<xmin>33.0</xmin>
			<ymin>447.0</ymin>
			<xmax>132.0</xmax>
			<ymax>595.0</ymax>
		</bndbox>
	</object>
	<object>
		<name>Criminal</name>
		<pose>Unspecified</pose>
		<truncated>0</truncated>
		<difficult>0</difficult>
		<bndbox>
			<xmin>472.0</xmin>
			<ymin>297.0</ymin>
			<xmax>542.0</xmax>
			<ymax>355.0</ymax>
		</bndbox>
	</object>
	<object>
		<name>Criminal</name>
		<pose>Unspecified</pose>
		<truncated>0</truncated>
		<difficult>0</difficult>
		<bndbox>
			<xmin>447.0</xmin>
			<ymin>367.0</ymin>
			<xmax>631.0</xmax>
			<ymax>716.0</ymax>
		</bndbox>
	</object>
	<object>
		<name>Criminal</name>
		<pose>Unspecified</pose>
		<truncated>0</truncated>
		<difficult>0</difficult>
		<bndbox>
			<xmin>135.0</xmin>
			<ymin>377.0</ymin>
			<xmax>245.0</xmax>
			<ymax>503.0</ymax>
		</bndbox>
	</object>
	<object>
		<name>Criminal</name>
		<pose>Unspecified</pose>
		<truncated>0</truncated>
		<difficult>0</difficult>
		<bndbox>
			<xmin>384.0</xmin>
			<ymin>637.0</ymin>
			<xmax>635.0</xmax>
			<ymax>943.0</ymax>
		</bndbox>
	</object>
	<object>
		<name>Criminal</name>
		<pose>Unspecified</pose>
		<truncated>0</truncated>
		<difficult>0</difficult>
		<bndbox>
			<xmin>51.0</xmin>
			<ymin>159.0</ymin>
			<xmax>425.0</xmax>
			<ymax>836.0</ymax>
		</bndbox>
	</object>
	<object>
		<name>Criminal</name>
		<pose>Unspecified</pose>
		<truncated>0</truncated>
		<difficult>0</difficult>
		<bndbox>
			<xmin>343.0</xmin>
			<ymin>327.0</ymin>
			<xmax>449.0</xmax>
			<ymax>424.0</ymax>
		</bndbox>
	</object>
</annotation>