<annotation>
	<folder>c1bec4ce94462c9cfaa2b5095f334701</folder>
	<filename>tim-mossholder-hOF1bWoet_Q-unsplash.jpeg</filename>
	<path>c1bec4ce94462c9cfaa2b5095f334701/tim-mossholder-hOF1bWoet_Q-unsplash.jpeg</path>
	<source>
		<database>datature.io</database>
	</source>
	<size>
		<width>640</width>
		<height>427</height>
		<depth>3</depth>
	</size>
	<segmented>0</segmented>
	<object>
		<name>Person</name>
		<pose>Unspecified</pose>
		<truncated>0</truncated>
		<difficult>0</difficult>
		<bndbox>
			<xmin>118.0</xmin>
			<ymin>133.0</ymin>
			<xmax>301.0</xmax>
			<ymax>427</ymax>
		</bndbox>
	</object>
	<object>
		<name>Person</name>
		<pose>Unspecified</pose>
		<truncated>0</truncated>
		<difficult>0</difficult>
		<bndbox>
			<xmin>250.0</xmin>
			<ymin>107.0</ymin>
			<xmax>342.0</xmax>
			<ymax>285.0</ymax>
		</bndbox>
	</object>
	<object>
		<name>Person</name>
		<pose>Unspecified</pose>
		<truncated>0</truncated>
		<difficult>0</difficult>
		<bndbox>
			<xmin>34.0</xmin>
			<ymin>7.0</ymin>
			<xmax>230.0</xmax>
			<ymax>374.0</ymax>
		</bndbox>
	</object>
	<object>
		<name>Person</name>
		<pose>Unspecified</pose>
		<truncated>0</truncated>
		<difficult>0</difficult>
		<bndbox>
			<xmin>422.0</xmin>
			<ymin>158.0</ymin>
			<xmax>618.0</xmax>
			<ymax>426.0</ymax>
		</bndbox>
	</object>
	<object>
		<name>Person</name>
		<pose>Unspecified</pose>
		<truncated>0</truncated>
		<difficult>0</difficult>
		<bndbox>
			<xmin>284.0</xmin>
			<ymin>184.0</ymin>
			<xmax>480.0</xmax>
			<ymax>426.0</ymax>
		</bndbox>
	</object>
</annotation>