<annotation>
	<folder>c1bec4ce94462c9cfaa2b5095f334701</folder>
	<filename>viktor-paris-r5vX6CQ6eC8-unsplash.jpeg</filename>
	<path>c1bec4ce94462c9cfaa2b5095f334701/viktor-paris-r5vX6CQ6eC8-unsplash.jpeg</path>
	<source>
		<database>datature.io</database>
	</source>
	<size>
		<width>640</width>
		<height>959</height>
		<depth>3</depth>
	</size>
	<segmented>0</segmented>
	<object>
		<name>Person</name>
		<pose>Unspecified</pose>
		<truncated>0</truncated>
		<difficult>0</difficult>
		<bndbox>
			<xmin>229.0</xmin>
			<ymin>477.0</ymin>
			<xmax>398.0</xmax>
			<ymax>860.0</ymax>
		</bndbox>
	</object>
</annotation>