<annotation>
	<folder>c1bec4ce94462c9cfaa2b5095f334701</folder>
	<filename>vlad-tchompalov-KHxxCc8XMNE-unsplash.jpeg</filename>
	<path>c1bec4ce94462c9cfaa2b5095f334701/vlad-tchompalov-KHxxCc8XMNE-unsplash.jpeg</path>
	<source>
		<database>datature.io</database>
	</source>
	<size>
		<width>640</width>
		<height>331</height>
		<depth>3</depth>
	</size>
	<segmented>0</segmented>
	<object>
		<name>Person</name>
		<pose>Unspecified</pose>
		<truncated>0</truncated>
		<difficult>0</difficult>
		<bndbox>
			<xmin>301.0</xmin>
			<ymin>255.0</ymin>
			<xmax>328.0</xmax>
			<ymax>325.0</ymax>
		</bndbox>
	</object>
	<object>
		<name>Person</name>
		<pose>Unspecified</pose>
		<truncated>0</truncated>
		<difficult>0</difficult>
		<bndbox>
			<xmin>346.0</xmin>
			<ymin>298.0</ymin>
			<xmax>366.0</xmax>
			<ymax>331.0</ymax>
		</bndbox>
	</object>
	<object>
		<name>Person</name>
		<pose>Unspecified</pose>
		<truncated>0</truncated>
		<difficult>0</difficult>
		<bndbox>
			<xmin>377.0</xmin>
			<ymin>307.0</ymin>
			<xmax>397.0</xmax>
			<ymax>331.0</ymax>
		</bndbox>
	</object>
	<object>
		<name>Person</name>
		<pose>Unspecified</pose>
		<truncated>0</truncated>
		<difficult>0</difficult>
		<bndbox>
			<xmin>481.0</xmin>
			<ymin>299.0</ymin>
			<xmax>507.0</xmax>
			<ymax>328.0</ymax>
		</bndbox>
	</object>
	<object>
		<name>Person</name>
		<pose>Unspecified</pose>
		<truncated>0</truncated>
		<difficult>0</difficult>
		<bndbox>
			<xmin>230.0</xmin>
			<ymin>311.0</ymin>
			<xmax>248.0</xmax>
			<ymax>330.0</ymax>
		</bndbox>
	</object>
	<object>
		<name>Person</name>
		<pose>Unspecified</pose>
		<truncated>0</truncated>
		<difficult>0</difficult>
		<bndbox>
			<xmin>161.0</xmin>
			<ymin>318.0</ymin>
			<xmax>182.0</xmax>
			<ymax>331.0</ymax>
		</bndbox>
	</object>
	<object>
		<name>Person</name>
		<pose>Unspecified</pose>
		<truncated>0</truncated>
		<difficult>0</difficult>
		<bndbox>
			<xmin>359.0</xmin>
			<ymin>272.0</ymin>
			<xmax>373.0</xmax>
			<ymax>292.0</ymax>
		</bndbox>
	</object>
	<object>
		<name>Person</name>
		<pose>Unspecified</pose>
		<truncated>0</truncated>
		<difficult>0</difficult>
		<bndbox>
			<xmin>464.0</xmin>
			<ymin>315.0</ymin>
			<xmax>477.0</xmax>
			<ymax>330.0</ymax>
		</bndbox>
	</object>
	<object>
		<name>Person</name>
		<pose>Unspecified</pose>
		<truncated>0</truncated>
		<difficult>0</difficult>
		<bndbox>
			<xmin>604.0</xmin>
			<ymin>295.0</ymin>
			<xmax>620.0</xmax>
			<ymax>331</ymax>
		</bndbox>
	</object>
	<object>
		<name>Person</name>
		<pose>Unspecified</pose>
		<truncated>0</truncated>
		<difficult>0</difficult>
		<bndbox>
			<xmin>388.0</xmin>
			<ymin>280.0</ymin>
			<xmax>402.0</xmax>
			<ymax>300.0</ymax>
		</bndbox>
	</object>
	<object>
		<name>Person</name>
		<pose>Unspecified</pose>
		<truncated>0</truncated>
		<difficult>0</difficult>
		<bndbox>
			<xmin>437.0</xmin>
			<ymin>303.0</ymin>
			<xmax>454.0</xmax>
			<ymax>330.0</ymax>
		</bndbox>
	</object>
	<object>
		<name>Person</name>
		<pose>Unspecified</pose>
		<truncated>0</truncated>
		<difficult>0</difficult>
		<bndbox>
			<xmin>85.0</xmin>
			<ymin>286.0</ymin>
			<xmax>122.0</xmax>
			<ymax>331</ymax>
		</bndbox>
	</object>
	<object>
		<name>Person</name>
		<pose>Unspecified</pose>
		<truncated>0</truncated>
		<difficult>0</difficult>
		<bndbox>
			<xmin>68.0</xmin>
			<ymin>285.0</ymin>
			<xmax>86.0</xmax>
			<ymax>331</ymax>
		</bndbox>
	</object>
	<object>
		<name>Person</name>
		<pose>Unspecified</pose>
		<truncated>0</truncated>
		<difficult>0</difficult>
		<bndbox>
			<xmin>329.0</xmin>
			<ymin>285.0</ymin>
			<xmax>346.0</xmax>
			<ymax>323.0</ymax>
		</bndbox>
	</object>
</annotation>