<annotation>
	<folder>c1bec4ce94462c9cfaa2b5095f334701</folder>
	<filename>whereslugo-DMVD9RkZIwQ-unsplash.jpeg</filename>
	<path>c1bec4ce94462c9cfaa2b5095f334701/whereslugo-DMVD9RkZIwQ-unsplash.jpeg</path>
	<source>
		<database>datature.io</database>
	</source>
	<size>
		<width>640</width>
		<height>800</height>
		<depth>3</depth>
	</size>
	<segmented>0</segmented>
	<object>
		<name>Person</name>
		<pose>Unspecified</pose>
		<truncated>0</truncated>
		<difficult>0</difficult>
		<bndbox>
			<xmin>102.0</xmin>
			<ymin>248.0</ymin>
			<xmax>564.0</xmax>
			<ymax>796.0</ymax>
		</bndbox>
	</object>
</annotation>