<annotation>
	<folder>c1bec4ce94462c9cfaa2b5095f334701</folder>
	<filename>wilman-aro-V5Ct8xd9aYI-unsplash.jpeg</filename>
	<path>c1bec4ce94462c9cfaa2b5095f334701/wilman-aro-V5Ct8xd9aYI-unsplash.jpeg</path>
	<source>
		<database>datature.io</database>
	</source>
	<size>
		<width>640</width>
		<height>853</height>
		<depth>3</depth>
	</size>
	<segmented>0</segmented>
	<object>
		<name>Person</name>
		<pose>Unspecified</pose>
		<truncated>0</truncated>
		<difficult>0</difficult>
		<bndbox>
			<xmin>121.0</xmin>
			<ymin>208.0</ymin>
			<xmax>398.0</xmax>
			<ymax>775.0</ymax>
		</bndbox>
	</object>
</annotation>