<annotation>
	<folder>c1bec4ce94462c9cfaa2b5095f334701</folder>
	<filename>yanapi-senaud-wEy8TRGUuLY-unsplash.jpeg</filename>
	<path>c1bec4ce94462c9cfaa2b5095f334701/yanapi-senaud-wEy8TRGUuLY-unsplash.jpeg</path>
	<source>
		<database>datature.io</database>
	</source>
	<size>
		<width>640</width>
		<height>427</height>
		<depth>3</depth>
	</size>
	<segmented>0</segmented>
	<object>
		<name>Person</name>
		<pose>Unspecified</pose>
		<truncated>0</truncated>
		<difficult>0</difficult>
		<bndbox>
			<xmin>313.0</xmin>
			<ymin>100.0</ymin>
			<xmax>467.0</xmax>
			<ymax>426.0</ymax>
		</bndbox>
	</object>
	<object>
		<name>Person</name>
		<pose>Unspecified</pose>
		<truncated>0</truncated>
		<difficult>0</difficult>
		<bndbox>
			<xmin>76.0</xmin>
			<ymin>82.0</ymin>
			<xmax>345.0</xmax>
			<ymax>423.0</ymax>
		</bndbox>
	</object>
</annotation>