<annotation>
	<folder>c1bec4ce94462c9cfaa2b5095f334701</folder>
	<filename>zachary-nelson-98Elr-LIvD8-unsplash.jpeg</filename>
	<path>c1bec4ce94462c9cfaa2b5095f334701/zachary-nelson-98Elr-LIvD8-unsplash.jpeg</path>
	<source>
		<database>datature.io</database>
	</source>
	<size>
		<width>640</width>
		<height>427</height>
		<depth>3</depth>
	</size>
	<segmented>0</segmented>
	<object>
		<name>Person</name>
		<pose>Unspecified</pose>
		<truncated>0</truncated>
		<difficult>0</difficult>
		<bndbox>
			<xmin>73.0</xmin>
			<ymin>98.0</ymin>
			<xmax>263.0</xmax>
			<ymax>399.0</ymax>
		</bndbox>
	</object>
	<object>
		<name>Person</name>
		<pose>Unspecified</pose>
		<truncated>0</truncated>
		<difficult>0</difficult>
		<bndbox>
			<xmin>211.0</xmin>
			<ymin>53.0</ymin>
			<xmax>340.0</xmax>
			<ymax>382.0</ymax>
		</bndbox>
	</object>
	<object>
		<name>Person</name>
		<pose>Unspecified</pose>
		<truncated>0</truncated>
		<difficult>0</difficult>
		<bndbox>
			<xmin>345.0</xmin>
			<ymin>42.0</ymin>
			<xmax>531.0</xmax>
			<ymax>381.0</ymax>
		</bndbox>
	</object>
</annotation>